{
"lengthUnit": "mil",
"remark": [],
"components": {
	"fields": ["COMPONENT_NO", "COMPONENT_NAME", "LAYER", "X_COORDINATE", "Y_COORDINATE", "ANGLE"],
	"rows": [
		[1, "КР1921ВГ015", "T", 0, 0, 0],
		[2, "C1", "B", -55, -465, 90],
		[3, "C2", "B", 34.6697, -464.9985, 90],
		[4, "C3", "B", 115, -465, 90],
		[5, "C4", "B", 225, -160, 270],
		[6, "C5", "B", -60, -150, 270],
		[7, "C5", "B", 607.8787, -130.4377, 90],
		[8, "C5", "B", 287.0033, 379.5683, 270],
		[9, "C5", "B", 80.3757, 167.0653, 90],
		[10, "C5", "B", -325, 410, 0],
		[11, "C5", "B", -305, -60, 0],
		[12, "C6", "B", 15, -150, 270],
		[13, "C6", "B", 532.0063, -130.4357, 90],
		[14, "C6", "B", 377.8757, 379.5663, 270],
		[15, "C6", "B", 4.5033, 167.0673, 90],
		[16, "C6", "B", -327.558, 334.1306, 0],
		[17, "C6", "B", -305, -140, 0],
		[18, "C7", "B", -960, 480, 270],
		[19, "C8", "B", -1055, 480, 270],
		[20, "C9", "T", -1275, -740, 180],
		[21, "C10", "T", 70, -481.121, 0],
		[22, "C11", "T", -65, -480, 180],
		[23, "C12", "T", -575, -330, 270],
		[24, "C13", "T", -575, -190, 90],
		[25, "C14", "B", 122.5045, -187.4995, 180],
		[26, "C15", "B", 122.5045, -107.4995, 180],
		[27, "H5", "T", 5, -1360, 180],
		[28, "H8", "T", -395, 710, 0],
		[29, "LED 15", "T", -1245, -500, 180],
		[30, "OSC", "T", 0, -625, 180],
		[31, "Port A", "T", -1355, 0, 270],
		[32, "Port B", "T", 0, 1355, 180],
		[33, "Port C", "T", 1360, 0, 90],
		[34, "R1", "T", 400, 255, 0],
		[35, "R2", "T", -940, -735, 180],
		[36, "R3", "T", -940, -655, 0],
		[37, "R4", "T", -65, -405, 180],
		[38, "R5", "T", -1370, -500, 0],
		[39, "R6", "B", 715, -100, 180],
		[40, "R7", "T", 995, -920, 45],
		[41, "R8", "T", 790, -515, 45],
		[42, "Reset", "T", -1125, -910, 0],
		[43, "RTC", "T", -715, -255, 90],
		[44, "Service EN", "T", 695, 395, 180],
		[45, "USB1", "T", 900, -680, 225],
		[46, "V ADC", "B", 350, 70, 180],
		[47, "VCC", "T", -1305, 655, 0],
		[48, "VIN", "B", -965, 725, 270],
		[49, "WKUP", "T", -605, -650, 0],
		[50, "PAD1", "T", 140, -830, 0],
		[51, "PAD1", "B", 140, -830, 0],
		[52, "PAD2", "T", 340, -335, 0],
		[53, "PAD2", "B", 340, -335, 0],
		[54, "PAD3", "T", -297.24, -236.22, 0],
		[55, "PAD4", "T", -297.24, -216.54, 0],
		[56, "PAD5", "T", -297.24, -196.85, 0],
		[57, "PAD6", "T", -297.24, -177.17, 0],
		[58, "PAD7", "T", -297.24, -157.48, 0],
		[59, "PAD8", "T", -297.24, -137.8, 0],
		[60, "PAD9", "T", -297.24, -118.11, 0],
		[61, "PAD10", "T", -297.24, -98.43, 0],
		[62, "PAD11", "T", -297.24, -78.74, 0],
		[63, "PAD12", "T", -297.24, -59.06, 0],
		[64, "PAD13", "T", -297.24, -39.37, 0],
		[65, "PAD14", "T", -297.24, -19.68, 0],
		[66, "PAD15", "T", -297.24, 0, 0],
		[67, "PAD16", "T", -297.24, 19.69, 0],
		[68, "PAD17", "T", -297.24, 39.37, 0],
		[69, "PAD18", "T", -297.24, 59.06, 0],
		[70, "PAD19", "T", -297.24, 78.74, 0],
		[71, "PAD20", "T", -297.24, 98.43, 0],
		[72, "PAD21", "T", -297.24, 118.11, 0],
		[73, "PAD22", "T", -297.24, 137.8, 0],
		[74, "PAD23", "T", -297.24, 157.48, 0],
		[75, "PAD24", "T", -297.24, 177.17, 0],
		[76, "PAD25", "T", -297.24, 196.85, 0],
		[77, "PAD26", "T", -297.24, 216.54, 0],
		[78, "PAD27", "T", -297.24, 236.22, 0],
		[79, "PAD28", "T", -236.22, 297.24, 0],
		[80, "PAD29", "T", -216.54, 297.24, 0],
		[81, "PAD30", "T", -196.85, 297.24, 0],
		[82, "PAD31", "T", -177.17, 297.24, 0],
		[83, "PAD32", "T", -157.48, 297.24, 0],
		[84, "PAD33", "T", -137.8, 297.24, 0],
		[85, "PAD34", "T", -118.11, 297.24, 0],
		[86, "PAD35", "T", -98.43, 297.24, 0],
		[87, "PAD36", "T", -78.74, 297.24, 0],
		[88, "PAD37", "T", -59.06, 297.24, 0],
		[89, "PAD38", "T", -39.37, 297.24, 0],
		[90, "PAD39", "T", -19.68, 297.24, 0],
		[91, "PAD40", "T", 0, 297.24, 0],
		[92, "PAD41", "T", 19.69, 297.24, 0],
		[93, "PAD42", "T", 39.37, 297.24, 0],
		[94, "PAD43", "T", 59.06, 297.24, 0],
		[95, "PAD44", "T", 78.74, 297.24, 0],
		[96, "PAD45", "T", 98.43, 297.24, 0],
		[97, "PAD46", "T", 118.11, 297.24, 0],
		[98, "PAD47", "T", 137.8, 297.24, 0],
		[99, "PAD48", "T", 157.48, 297.24, 0],
		[100, "PAD49", "T", 177.17, 297.24, 0],
		[101, "PAD50", "T", 196.85, 297.24, 0],
		[102, "PAD51", "T", 216.54, 297.24, 0],
		[103, "PAD52", "T", 236.22, 297.24, 0],
		[104, "PAD53", "T", 297.24, 236.22, 0],
		[105, "PAD54", "T", 297.24, 216.54, 0],
		[106, "PAD55", "T", 297.24, 196.85, 0],
		[107, "PAD56", "T", 297.24, 177.17, 0],
		[108, "PAD57", "T", 297.24, 157.48, 0],
		[109, "PAD58", "T", 297.24, 137.8, 0],
		[110, "PAD59", "T", 297.24, 118.11, 0],
		[111, "PAD60", "T", 297.24, 98.43, 0],
		[112, "PAD61", "T", 297.24, 78.74, 0],
		[113, "PAD62", "T", 297.24, 59.06, 0],
		[114, "PAD63", "T", 297.24, 39.37, 0],
		[115, "PAD64", "T", 297.24, 19.69, 0],
		[116, "PAD65", "T", 297.24, 0, 0],
		[117, "PAD66", "T", 297.24, -19.68, 0],
		[118, "PAD67", "T", 297.24, -39.37, 0],
		[119, "PAD68", "T", 297.24, -59.06, 0],
		[120, "PAD69", "T", 297.24, -78.74, 0],
		[121, "PAD70", "T", 297.24, -98.43, 0],
		[122, "PAD71", "T", 297.24, -118.11, 0],
		[123, "PAD72", "T", 297.24, -137.8, 0],
		[124, "PAD73", "T", 297.24, -157.48, 0],
		[125, "PAD74", "T", 297.24, -177.17, 0],
		[126, "PAD75", "T", 297.24, -196.85, 0],
		[127, "PAD76", "T", 297.24, -216.54, 0],
		[128, "PAD77", "T", 297.24, -236.22, 0],
		[129, "PAD78", "T", 236.22, -297.24, 0],
		[130, "PAD79", "T", 216.54, -297.24, 0],
		[131, "PAD80", "T", 196.85, -297.24, 0],
		[132, "PAD81", "T", 177.17, -297.24, 0],
		[133, "PAD82", "T", 157.48, -297.24, 0],
		[134, "PAD83", "T", 137.8, -297.24, 0],
		[135, "PAD84", "T", 118.11, -297.24, 0],
		[136, "PAD85", "T", 98.43, -297.24, 0],
		[137, "PAD86", "T", 78.74, -297.24, 0],
		[138, "PAD87", "T", 59.06, -297.24, 0],
		[139, "PAD88", "T", 39.37, -297.24, 0],
		[140, "PAD89", "T", 19.69, -297.24, 0],
		[141, "PAD90", "T", 0, -297.24, 0],
		[142, "PAD91", "T", -19.68, -297.24, 0],
		[143, "PAD92", "T", -39.37, -297.24, 0],
		[144, "PAD93", "T", -59.06, -297.24, 0],
		[145, "PAD94", "T", -78.74, -297.24, 0],
		[146, "PAD95", "T", -98.43, -297.24, 0],
		[147, "PAD96", "T", -118.11, -297.24, 0],
		[148, "PAD97", "T", -137.8, -297.24, 0],
		[149, "PAD98", "T", -157.48, -297.24, 0],
		[150, "PAD99", "T", -177.17, -297.24, 0],
		[151, "PAD100", "T", -196.85, -297.24, 0],
		[152, "PAD101", "T", -216.54, -297.24, 0],
		[153, "PAD102", "T", -236.22, -297.24, 0],
		[154, "PAD103", "T", -1304.13, -821.415, 0],
		[155, "PAD104", "T", -945.87, -821.425, 0],
		[156, "PAD105", "B", -55, -437.44, 0],
		[157, "PAD106", "B", -55, -492.56, 0],
		[158, "PAD107", "B", 34.6697, -437.4385, 0],
		[159, "PAD108", "B", 34.6697, -492.5585, 0],
		[160, "PAD109", "B", 115, -437.44, 0],
		[161, "PAD110", "B", 115, -492.56, 0],
		[162, "PAD111", "B", 225, -187.56, 0],
		[163, "PAD112", "B", 225, -132.44, 0],
		[164, "PAD113", "B", -60, -177.56, 0],
		[165, "PAD114", "B", -60, -122.44, 0],
		[166, "PAD115", "B", 15, -177.56, 0],
		[167, "PAD116", "B", 15, -122.44, 0],
		[168, "PAD117", "B", 607.8787, -102.8777, 0],
		[169, "PAD118", "B", 607.8787, -157.9977, 0],
		[170, "PAD119", "B", 532.0063, -102.8757, 0],
		[171, "PAD120", "B", 532.0063, -157.9957, 0],
		[172, "PAD121", "B", 287.0033, 352.0083, 0],
		[173, "PAD122", "B", 287.0033, 407.1283, 0],
		[174, "PAD123", "B", 377.8757, 352.0063, 0],
		[175, "PAD124", "B", 377.8757, 407.1263, 0],
		[176, "PAD125", "B", 80.3757, 194.6253, 0],
		[177, "PAD126", "B", 80.3757, 139.5053, 0],
		[178, "PAD127", "B", 4.5033, 194.6273, 0],
		[179, "PAD128", "B", 4.5033, 139.5073, 0],
		[180, "PAD129", "B", -297.44, 410, 0],
		[181, "PAD130", "B", -352.56, 410, 0],
		[182, "PAD131", "B", -299.998, 334.1306, 0],
		[183, "PAD132", "B", -355.118, 334.1306, 0],
		[184, "PAD133", "B", -277.44, -60, 0],
		[185, "PAD134", "B", -332.56, -60, 0],
		[186, "PAD135", "B", -277.44, -140, 0],
		[187, "PAD136", "B", -332.56, -140, 0],
		[188, "PAD137", "B", -874.45, 612.01, 0],
		[189, "PAD138", "B", -965, 612.01, 0],
		[190, "PAD139", "B", -1055.55, 612.01, 0],
		[191, "PAD140", "B", -960, 452.44, 0],
		[192, "PAD141", "B", -960, 507.56, 0],
		[193, "PAD142", "B", -1055, 452.44, 0],
		[194, "PAD143", "B", -1055, 507.56, 0],
		[195, "PAD144", "T", 874.13, 306.415, 0],
		[196, "PAD145", "T", 515.87, 306.425, 0],
		[197, "PAD146", "T", 429.66, 255, 0],
		[198, "PAD147", "T", 370.34, 255, 0],
		[199, "PAD148", "T", -969.66, -735, 0],
		[200, "PAD149", "T", -910.34, -735, 0],
		[201, "PAD150", "T", -910.34, -655, 0],
		[202, "PAD151", "T", -969.66, -655, 0],
		[203, "PAD152", "T", -1302.56, -740, 0],
		[204, "PAD153", "T", -1247.44, -740, 0],
		[205, "PAD154", "T", 96.06, -625, 0],
		[206, "PAD154", "B", 96.06, -625, 0],
		[207, "PAD155", "T", -96.06, -625, 0],
		[208, "PAD155", "B", -96.06, -625, 0],
		[209, "PAD156", "T", -715, -351.06, 0],
		[210, "PAD156", "B", -715, -351.06, 0],
		[211, "PAD157", "T", -715, -158.94, 0],
		[212, "PAD157", "B", -715, -158.94, 0],
		[213, "PAD158", "T", 97.56, -481.121, 0],
		[214, "PAD159", "T", 42.44, -481.121, 0],
		[215, "PAD160", "T", -92.56, -480, 0],
		[216, "PAD161", "T", -37.44, -480, 0],
		[217, "PAD162", "T", -575, -357.56, 0],
		[218, "PAD163", "T", -575, -302.44, 0],
		[219, "PAD164", "T", -575, -162.44, 0],
		[220, "PAD165", "T", -575, -217.56, 0],
		[221, "PAD166", "T", -94.66, -405, 0],
		[222, "PAD167", "T", -35.34, -405, 0],
		[223, "PAD168", "B", 94.9445, -187.4995, 0],
		[224, "PAD169", "B", 150.0645, -187.4995, 0],
		[225, "PAD170", "B", 94.9445, -107.4995, 0],
		[226, "PAD171", "B", 150.0645, -107.4995, 0],
		[227, "PAD172", "T", 1030.8395, -615.975, 0],
		[228, "PAD172", "B", 1030.8395, -615.975, 0],
		[229, "PAD173", "T", 961.2461, -685.5685, 0],
		[230, "PAD173", "B", 961.2461, -685.5685, 0],
		[231, "PAD174", "T", 905.5685, -741.2461, 0],
		[232, "PAD174", "B", 905.5685, -741.2461, 0],
		[233, "PAD175", "T", 835.9679, -810.8466, 0],
		[234, "PAD175", "B", 835.9679, -810.8466, 0],
		[235, "PAD176", "T", -1305, -350, 0],
		[236, "PAD176", "B", -1305, -350, 0],
		[237, "PAD177", "T", -1405, -350, 0],
		[238, "PAD177", "B", -1405, -350, 0],
		[239, "PAD178", "T", -1305, -250, 0],
		[240, "PAD178", "B", -1305, -250, 0],
		[241, "PAD179", "T", -1405, -250, 0],
		[242, "PAD179", "B", -1405, -250, 0],
		[243, "PAD180", "T", -1305, -150, 0],
		[244, "PAD180", "B", -1305, -150, 0],
		[245, "PAD181", "T", -1405, -150, 0],
		[246, "PAD181", "B", -1405, -150, 0],
		[247, "PAD182", "T", -1305, -50, 0],
		[248, "PAD182", "B", -1305, -50, 0],
		[249, "PAD183", "T", -1405, -50, 0],
		[250, "PAD183", "B", -1405, -50, 0],
		[251, "PAD184", "T", -1305, 50, 0],
		[252, "PAD184", "B", -1305, 50, 0],
		[253, "PAD185", "T", -1405, 50, 0],
		[254, "PAD185", "B", -1405, 50, 0],
		[255, "PAD186", "T", -1305, 150, 0],
		[256, "PAD186", "B", -1305, 150, 0],
		[257, "PAD187", "T", -1405, 150, 0],
		[258, "PAD187", "B", -1405, 150, 0],
		[259, "PAD188", "T", -1305, 250, 0],
		[260, "PAD188", "B", -1305, 250, 0],
		[261, "PAD189", "T", -1405, 250, 0],
		[262, "PAD189", "B", -1405, 250, 0],
		[263, "PAD190", "T", -1305, 350, 0],
		[264, "PAD190", "B", -1305, 350, 0],
		[265, "PAD191", "T", -1405, 350, 0],
		[266, "PAD191", "B", -1405, 350, 0],
		[267, "PAD192", "T", -350, 1305, 0],
		[268, "PAD192", "B", -350, 1305, 0],
		[269, "PAD193", "T", -350, 1405, 0],
		[270, "PAD193", "B", -350, 1405, 0],
		[271, "PAD194", "T", -250, 1305, 0],
		[272, "PAD194", "B", -250, 1305, 0],
		[273, "PAD195", "T", -250, 1405, 0],
		[274, "PAD195", "B", -250, 1405, 0],
		[275, "PAD196", "T", -150, 1305, 0],
		[276, "PAD196", "B", -150, 1305, 0],
		[277, "PAD197", "T", -150, 1405, 0],
		[278, "PAD197", "B", -150, 1405, 0],
		[279, "PAD198", "T", -50, 1305, 0],
		[280, "PAD198", "B", -50, 1305, 0],
		[281, "PAD199", "T", -50, 1405, 0],
		[282, "PAD199", "B", -50, 1405, 0],
		[283, "PAD200", "T", 50, 1305, 0],
		[284, "PAD200", "B", 50, 1305, 0],
		[285, "PAD201", "T", 50, 1405, 0],
		[286, "PAD201", "B", 50, 1405, 0],
		[287, "PAD202", "T", 150, 1305, 0],
		[288, "PAD202", "B", 150, 1305, 0],
		[289, "PAD203", "T", 150, 1405, 0],
		[290, "PAD203", "B", 150, 1405, 0],
		[291, "PAD204", "T", 250, 1305, 0],
		[292, "PAD204", "B", 250, 1305, 0],
		[293, "PAD205", "T", 250, 1405, 0],
		[294, "PAD205", "B", 250, 1405, 0],
		[295, "PAD206", "T", 350, 1305, 0],
		[296, "PAD206", "B", 350, 1305, 0],
		[297, "PAD207", "T", 350, 1405, 0],
		[298, "PAD207", "B", 350, 1405, 0],
		[299, "PAD208", "T", 1310, 350, 0],
		[300, "PAD208", "B", 1310, 350, 0],
		[301, "PAD209", "T", 1410, 350, 0],
		[302, "PAD209", "B", 1410, 350, 0],
		[303, "PAD210", "T", 1310, 250, 0],
		[304, "PAD210", "B", 1310, 250, 0],
		[305, "PAD211", "T", 1410, 250, 0],
		[306, "PAD211", "B", 1410, 250, 0],
		[307, "PAD212", "T", 1310, 150, 0],
		[308, "PAD212", "B", 1310, 150, 0],
		[309, "PAD213", "T", 1410, 150, 0],
		[310, "PAD213", "B", 1410, 150, 0],
		[311, "PAD214", "T", 1310, 50, 0],
		[312, "PAD214", "B", 1310, 50, 0],
		[313, "PAD215", "T", 1410, 50, 0],
		[314, "PAD215", "B", 1410, 50, 0],
		[315, "PAD216", "T", 1310, -50, 0],
		[316, "PAD216", "B", 1310, -50, 0],
		[317, "PAD217", "T", 1410, -50, 0],
		[318, "PAD217", "B", 1410, -50, 0],
		[319, "PAD218", "T", 1310, -150, 0],
		[320, "PAD218", "B", 1310, -150, 0],
		[321, "PAD219", "T", 1410, -150, 0],
		[322, "PAD219", "B", 1410, -150, 0],
		[323, "PAD220", "T", 1310, -250, 0],
		[324, "PAD220", "B", 1310, -250, 0],
		[325, "PAD221", "T", 1410, -250, 0],
		[326, "PAD221", "B", 1410, -250, 0],
		[327, "PAD222", "T", 1310, -350, 0],
		[328, "PAD222", "B", 1310, -350, 0],
		[329, "PAD223", "T", 1410, -350, 0],
		[330, "PAD223", "B", 1410, -350, 0],
		[331, "PAD224", "T", -345, -1410, 0],
		[332, "PAD224", "B", -345, -1410, 0],
		[333, "PAD225", "T", -345, -1310, 0],
		[334, "PAD225", "B", -345, -1310, 0],
		[335, "PAD226", "T", -245, -1410, 0],
		[336, "PAD226", "B", -245, -1410, 0],
		[337, "PAD227", "T", -245, -1310, 0],
		[338, "PAD227", "B", -245, -1310, 0],
		[339, "PAD228", "T", -145, -1410, 0],
		[340, "PAD228", "B", -145, -1410, 0],
		[341, "PAD229", "T", -145, -1310, 0],
		[342, "PAD229", "B", -145, -1310, 0],
		[343, "PAD230", "T", -45, -1410, 0],
		[344, "PAD230", "B", -45, -1410, 0],
		[345, "PAD231", "T", -45, -1310, 0],
		[346, "PAD231", "B", -45, -1310, 0],
		[347, "PAD232", "T", 55, -1410, 0],
		[348, "PAD232", "B", 55, -1410, 0],
		[349, "PAD233", "T", 55, -1310, 0],
		[350, "PAD233", "B", 55, -1310, 0],
		[351, "PAD234", "T", 155, -1410, 0],
		[352, "PAD234", "B", 155, -1410, 0],
		[353, "PAD235", "T", 155, -1310, 0],
		[354, "PAD235", "B", 155, -1310, 0],
		[355, "PAD236", "T", 255, -1410, 0],
		[356, "PAD236", "B", 255, -1410, 0],
		[357, "PAD237", "T", 255, -1310, 0],
		[358, "PAD237", "B", 255, -1310, 0],
		[359, "PAD238", "T", 355, -1410, 0],
		[360, "PAD238", "B", 355, -1410, 0],
		[361, "PAD239", "T", 355, -1310, 0],
		[362, "PAD239", "B", 355, -1310, 0],
		[363, "PAD240", "B", 237.01, -20.55, 0],
		[364, "PAD241", "B", 237.01, 70, 0],
		[365, "PAD242", "B", 237.01, 160.55, 0],
		[366, "PAD243", "T", -1223.81, -500, 0],
		[367, "PAD244", "T", -1399.66, -500, 0],
		[368, "PAD245", "T", -505, -650, 0],
		[369, "PAD245", "B", -505, -650, 0],
		[370, "PAD246", "T", -605, -650, 0],
		[371, "PAD246", "B", -605, -650, 0],
		[372, "PAD247", "T", -705, -650, 0],
		[373, "PAD247", "B", -705, -650, 0],
		[374, "PAD248", "T", -195, 710, 0],
		[375, "PAD248", "B", -195, 710, 0],
		[376, "PAD249", "T", -295, 710, 0],
		[377, "PAD249", "B", -295, 710, 0],
		[378, "PAD250", "T", -395, 710, 0],
		[379, "PAD250", "B", -395, 710, 0],
		[380, "PAD251", "T", -495, 710, 0],
		[381, "PAD251", "B", -495, 710, 0],
		[382, "PAD252", "T", -595, 710, 0],
		[383, "PAD252", "B", -595, 710, 0],
		[384, "PAD253", "T", -1405, 605, 0],
		[385, "PAD253", "B", -1405, 605, 0],
		[386, "PAD254", "T", -1405, 705, 0],
		[387, "PAD254", "B", -1405, 705, 0],
		[388, "PAD255", "T", -1305, 605, 0],
		[389, "PAD255", "B", -1305, 605, 0],
		[390, "PAD256", "T", -1305, 705, 0],
		[391, "PAD256", "B", -1305, 705, 0],
		[392, "PAD257", "T", -1205, 605, 0],
		[393, "PAD257", "B", -1205, 605, 0],
		[394, "PAD258", "T", -1205, 705, 0],
		[395, "PAD258", "B", -1205, 705, 0],
		[396, "PAD259", "B", 685.34, -100, 0],
		[397, "PAD260", "B", 744.66, -100, 0],
		[398, "PAD261", "T", 1015.9728, -899.0272, 0],
		[399, "PAD262", "T", 974.0272, -940.9728, 0],
		[400, "PAD263", "T", 810.9728, -494.0272, 0],
		[401, "PAD264", "T", 769.0272, -535.9728, 0]
	]
},
"pins": {
	"fields": ["PIN_NO", "PIN_NAME", "PIN_X", "PIN_Y", "LAYER", "PIN_TYPE", "NET_NAME", "NET_TYPE", "PAD_SHAPE", "PAD_SIZEX", "PAD_SIZEY", "HOLE_SIZE", "HOLE_LEN", "PAD_ANGLE"],
	"rows": [
		[1, "КР1921ВГ015_1", -236.22, -297.24, "T", "SMD", "AT_IN0", "", "O", 11.811, 62.992, 0, 0, 0],
		[2, "КР1921ВГ015_2", -216.54, -297.24, "T", "SMD", "AT_IN1", "", "O", 11.811, 62.992, 0, 0, 0],
		[3, "КР1921ВГ015_3", -196.85, -297.24, "T", "SMD", "AT_IN2", "", "O", 11.811, 62.992, 0, 0, 0],
		[4, "КР1921ВГ015_4", -177.17, -297.24, "T", "SMD", "AT_OUT", "", "O", 11.811, 62.992, 0, 0, 0],
		[5, "КР1921ВГ015_5", -157.48, -297.24, "T", "SMD", "CNO_INN0", "", "O", 11.811, 62.992, 0, 0, 0],
		[6, "КР1921ВГ015_6", -137.8, -297.24, "T", "SMD", "CNO_INP0", "", "O", 11.811, 62.992, 0, 0, 0],
		[7, "КР1921ВГ015_7", -118.11, -297.24, "T", "SMD", "CNO_INN1", "", "O", 11.811, 62.992, 0, 0, 0],
		[8, "КР1921ВГ015_8", -98.43, -297.24, "T", "SMD", "CNO_INP1", "", "O", 11.811, 62.992, 0, 0, 0],
		[9, "КР1921ВГ015_9", -78.74, -297.24, "T", "SMD", "XI_OSC", "", "O", 11.811, 62.992, 0, 0, 0],
		[10, "КР1921ВГ015_10", -59.06, -297.24, "T", "SMD", "XO_OSC", "", "O", 11.811, 62.992, 0, 0, 0],
		[11, "КР1921ВГ015_11", -39.37, -297.24, "T", "SMD", "GND1", "", "O", 11.811, 62.992, 0, 0, 0],
		[12, "КР1921ВГ015_12", -19.68, -297.24, "T", "SMD", "VCC1", "", "O", 11.811, 62.992, 0, 0, 0],
		[13, "КР1921ВГ015_13", 0, -297.24, "T", "SMD", "13", "", "O", 11.811, 62.992, 0, 0, 0],
		[14, "КР1921ВГ015_14", 19.69, -297.24, "T", "SMD", "V_BAT", "", "O", 11.811, 62.992, 0, 0, 0],
		[15, "КР1921ВГ015_15", 39.37, -297.24, "T", "SMD", "15", "", "O", 11.811, 62.992, 0, 0, 0],
		[16, "КР1921ВГ015_16", 59.06, -297.24, "T", "SMD", "VCC1", "", "O", 11.811, 62.992, 0, 0, 0],
		[17, "КР1921ВГ015_17", 78.74, -297.24, "T", "SMD", "17", "", "O", 11.811, 62.992, 0, 0, 0],
		[18, "КР1921ВГ015_18", 98.43, -297.24, "T", "SMD", "AREF", "", "O", 11.811, 62.992, 0, 0, 0],
		[19, "КР1921ВГ015_19", 118.11, -297.24, "T", "SMD", "VCC2", "", "O", 11.811, 62.992, 0, 0, 0],
		[20, "КР1921ВГ015_20", 137.8, -297.24, "T", "SMD", "GND2", "", "O", 11.811, 62.992, 0, 0, 0],
		[21, "КР1921ВГ015_21", 157.48, -297.24, "T", "SMD", "ADC_CH0", "", "O", 11.811, 62.992, 0, 0, 0],
		[22, "КР1921ВГ015_22", 177.17, -297.24, "T", "SMD", "ADC_CH1", "", "O", 11.811, 62.992, 0, 0, 0],
		[23, "КР1921ВГ015_23", 196.85, -297.24, "T", "SMD", "ADC_CH2", "", "O", 11.811, 62.992, 0, 0, 0],
		[24, "КР1921ВГ015_24", 216.54, -297.24, "T", "SMD", "ADC_CH3", "", "O", 11.811, 62.992, 0, 0, 0],
		[25, "КР1921ВГ015_25", 236.22, -297.24, "T", "SMD", "SDADC_CAP", "", "O", 11.811, 62.992, 0, 0, 0],
		[26, "КР1921ВГ015_26", 297.24, -236.22, "T", "SMD", "ADC_CH4", "", "O", 62.992, 11.811, 0, 0, 0],
		[27, "КР1921ВГ015_27", 297.24, -216.54, "T", "SMD", "ADC_CH5", "", "O", 62.992, 11.811, 0, 0, 0],
		[28, "КР1921ВГ015_28", 297.24, -196.85, "T", "SMD", "ADC_CH6", "", "O", 62.992, 11.811, 0, 0, 0],
		[29, "КР1921ВГ015_29", 297.24, -177.17, "T", "SMD", "ADC_CH7", "", "O", 62.992, 11.811, 0, 0, 0],
		[30, "КР1921ВГ015_30", 297.24, -157.48, "T", "SMD", "USB_D+", "", "O", 62.992, 11.811, 0, 0, 0],
		[31, "КР1921ВГ015_31", 297.24, -137.8, "T", "SMD", "USB_D-", "", "O", 62.992, 11.811, 0, 0, 0],
		[32, "КР1921ВГ015_32", 297.24, -118.11, "T", "SMD", "GND1", "", "O", 62.992, 11.811, 0, 0, 0],
		[33, "КР1921ВГ015_33", 297.24, -98.43, "T", "SMD", "VCC1", "", "O", 62.992, 11.811, 0, 0, 0],
		[34, "КР1921ВГ015_34", 297.24, -78.74, "T", "SMD", "PC0", "", "O", 62.992, 11.811, 0, 0, 0],
		[35, "КР1921ВГ015_35", 297.24, -59.06, "T", "SMD", "PC1", "", "O", 62.992, 11.811, 0, 0, 0],
		[36, "КР1921ВГ015_36", 297.24, -39.37, "T", "SMD", "PC2", "", "O", 62.992, 11.811, 0, 0, 0],
		[37, "КР1921ВГ015_37", 297.24, -19.68, "T", "SMD", "PC3", "", "O", 62.992, 11.811, 0, 0, 0],
		[38, "КР1921ВГ015_38", 297.24, 0, "T", "SMD", "PC4", "", "O", 62.992, 11.811, 0, 0, 0],
		[39, "КР1921ВГ015_39", 297.24, 19.69, "T", "SMD", "PC5", "", "O", 62.992, 11.811, 0, 0, 0],
		[40, "КР1921ВГ015_40", 297.24, 39.37, "T", "SMD", "PC6", "", "O", 62.992, 11.811, 0, 0, 0],
		[41, "КР1921ВГ015_41", 297.24, 59.06, "T", "SMD", "PC7", "", "O", 62.992, 11.811, 0, 0, 0],
		[42, "КР1921ВГ015_42", 297.24, 78.74, "T", "SMD", "PC8", "", "O", 62.992, 11.811, 0, 0, 0],
		[43, "КР1921ВГ015_43", 297.24, 98.43, "T", "SMD", "PC9", "", "O", 62.992, 11.811, 0, 0, 0],
		[44, "КР1921ВГ015_44", 297.24, 118.11, "T", "SMD", "PC10", "", "O", 62.992, 11.811, 0, 0, 0],
		[45, "КР1921ВГ015_45", 297.24, 137.8, "T", "SMD", "PC11", "", "O", 62.992, 11.811, 0, 0, 0],
		[46, "КР1921ВГ015_46", 297.24, 157.48, "T", "SMD", "PC12", "", "O", 62.992, 11.811, 0, 0, 0],
		[47, "КР1921ВГ015_47", 297.24, 177.17, "T", "SMD", "PC13", "", "O", 62.992, 11.811, 0, 0, 0],
		[48, "КР1921ВГ015_48", 297.24, 196.85, "T", "SMD", "PC14", "", "O", 62.992, 11.811, 0, 0, 0],
		[49, "КР1921ВГ015_49", 297.24, 216.54, "T", "SMD", "PC15", "", "O", 62.992, 11.811, 0, 0, 0],
		[50, "КР1921ВГ015_50", 297.24, 236.22, "T", "SMD", "SERV_EN", "", "O", 62.992, 11.811, 0, 0, 0],
		[51, "КР1921ВГ015_51", 236.22, 297.24, "T", "SMD", "VCC1", "", "O", 11.811, 62.992, 0, 0, 0],
		[52, "КР1921ВГ015_52", 216.54, 297.24, "T", "SMD", "GND1", "", "O", 11.811, 62.992, 0, 0, 0],
		[53, "КР1921ВГ015_53", 196.85, 297.24, "T", "SMD", "PB0", "", "O", 11.811, 62.992, 0, 0, 0],
		[54, "КР1921ВГ015_54", 177.17, 297.24, "T", "SMD", "PB1", "", "O", 11.811, 62.992, 0, 0, 0],
		[55, "КР1921ВГ015_55", 157.48, 297.24, "T", "SMD", "PB2", "", "O", 11.811, 62.992, 0, 0, 0],
		[56, "КР1921ВГ015_56", 137.8, 297.24, "T", "SMD", "PB3", "", "O", 11.811, 62.992, 0, 0, 0],
		[57, "КР1921ВГ015_57", 118.11, 297.24, "T", "SMD", "PB4", "", "O", 11.811, 62.992, 0, 0, 0],
		[58, "КР1921ВГ015_58", 98.43, 297.24, "T", "SMD", "PB5", "", "O", 11.811, 62.992, 0, 0, 0],
		[59, "КР1921ВГ015_59", 78.74, 297.24, "T", "SMD", "PB6", "", "O", 11.811, 62.992, 0, 0, 0],
		[60, "КР1921ВГ015_60", 59.06, 297.24, "T", "SMD", "PB7", "", "O", 11.811, 62.992, 0, 0, 0],
		[61, "КР1921ВГ015_61", 39.37, 297.24, "T", "SMD", "VCC1", "", "O", 11.811, 62.992, 0, 0, 0],
		[62, "КР1921ВГ015_62", 19.69, 297.24, "T", "SMD", "PB8", "", "O", 11.811, 62.992, 0, 0, 0],
		[63, "КР1921ВГ015_63", 0, 297.24, "T", "SMD", "PB9", "", "O", 11.811, 62.992, 0, 0, 0],
		[64, "КР1921ВГ015_64", -19.68, 297.24, "T", "SMD", "PB10", "", "O", 11.811, 62.992, 0, 0, 0],
		[65, "КР1921ВГ015_65", -39.37, 297.24, "T", "SMD", "PB11", "", "O", 11.811, 62.992, 0, 0, 0],
		[66, "КР1921ВГ015_66", -59.06, 297.24, "T", "SMD", "PB12", "", "O", 11.811, 62.992, 0, 0, 0],
		[67, "КР1921ВГ015_67", -78.74, 297.24, "T", "SMD", "PB13", "", "O", 11.811, 62.992, 0, 0, 0],
		[68, "КР1921ВГ015_68", -98.43, 297.24, "T", "SMD", "PB14", "", "O", 11.811, 62.992, 0, 0, 0],
		[69, "КР1921ВГ015_69", -118.11, 297.24, "T", "SMD", "PB15", "", "O", 11.811, 62.992, 0, 0, 0],
		[70, "КР1921ВГ015_70", -137.8, 297.24, "T", "SMD", "TMS", "", "O", 11.811, 62.992, 0, 0, 0],
		[71, "КР1921ВГ015_71", -157.48, 297.24, "T", "SMD", "TDO", "", "O", 11.811, 62.992, 0, 0, 0],
		[72, "КР1921ВГ015_72", -177.17, 297.24, "T", "SMD", "TDI", "", "O", 11.811, 62.992, 0, 0, 0],
		[73, "КР1921ВГ015_73", -196.85, 297.24, "T", "SMD", "TCK", "", "O", 11.811, 62.992, 0, 0, 0],
		[74, "КР1921ВГ015_74", -216.54, 297.24, "T", "SMD", "GND1", "", "O", 11.811, 62.992, 0, 0, 0],
		[75, "КР1921ВГ015_75", -236.22, 297.24, "T", "SMD", "VCC1", "", "O", 11.811, 62.992, 0, 0, 0],
		[76, "КР1921ВГ015_76", -297.24, 236.22, "T", "SMD", "TRST", "", "O", 62.992, 11.811, 0, 0, 0],
		[77, "КР1921ВГ015_77", -297.24, 216.54, "T", "SMD", "PA0", "", "O", 62.992, 11.811, 0, 0, 0],
		[78, "КР1921ВГ015_78", -297.24, 196.85, "T", "SMD", "PA1", "", "O", 62.992, 11.811, 0, 0, 0],
		[79, "КР1921ВГ015_79", -297.24, 177.17, "T", "SMD", "PA2", "", "O", 62.992, 11.811, 0, 0, 0],
		[80, "КР1921ВГ015_80", -297.24, 157.48, "T", "SMD", "PA3", "", "O", 62.992, 11.811, 0, 0, 0],
		[81, "КР1921ВГ015_81", -297.24, 137.8, "T", "SMD", "PA4", "", "O", 62.992, 11.811, 0, 0, 0],
		[82, "КР1921ВГ015_82", -297.24, 118.11, "T", "SMD", "PA5", "", "O", 62.992, 11.811, 0, 0, 0],
		[83, "КР1921ВГ015_83", -297.24, 98.43, "T", "SMD", "PA6", "", "O", 62.992, 11.811, 0, 0, 0],
		[84, "КР1921ВГ015_84", -297.24, 78.74, "T", "SMD", "PA7", "", "O", 62.992, 11.811, 0, 0, 0],
		[85, "КР1921ВГ015_85", -297.24, 59.06, "T", "SMD", "PA8", "", "O", 62.992, 11.811, 0, 0, 0],
		[86, "КР1921ВГ015_86", -297.24, 39.37, "T", "SMD", "PA9", "", "O", 62.992, 11.811, 0, 0, 0],
		[87, "КР1921ВГ015_87", -297.24, 19.69, "T", "SMD", "PA10", "", "O", 62.992, 11.811, 0, 0, 0],
		[88, "КР1921ВГ015_88", -297.24, 0, "T", "SMD", "PA11", "", "O", 62.992, 11.811, 0, 0, 0],
		[89, "КР1921ВГ015_89", -297.24, -19.68, "T", "SMD", "PA12", "", "O", 62.992, 11.811, 0, 0, 0],
		[90, "КР1921ВГ015_90", -297.24, -39.37, "T", "SMD", "PA13", "", "O", 62.992, 11.811, 0, 0, 0],
		[91, "КР1921ВГ015_91", -297.24, -59.06, "T", "SMD", "PA14", "", "O", 62.992, 11.811, 0, 0, 0],
		[92, "КР1921ВГ015_92", -297.24, -78.74, "T", "SMD", "PA15", "", "O", 62.992, 11.811, 0, 0, 0],
		[93, "КР1921ВГ015_93", -297.24, -98.43, "T", "SMD", "VCC1", "", "O", 62.992, 11.811, 0, 0, 0],
		[94, "КР1921ВГ015_94", -297.24, -118.11, "T", "SMD", "GND1", "", "O", 62.992, 11.811, 0, 0, 0],
		[95, "КР1921ВГ015_95", -297.24, -137.8, "T", "SMD", "RST", "", "O", 62.992, 11.811, 0, 0, 0],
		[96, "КР1921ВГ015_96", -297.24, -157.48, "T", "SMD", "XO_RTC", "", "O", 62.992, 11.811, 0, 0, 0],
		[97, "КР1921ВГ015_97", -297.24, -177.17, "T", "SMD", "XI_RTC", "", "O", 62.992, 11.811, 0, 0, 0],
		[98, "КР1921ВГ015_98", -297.24, -196.85, "T", "SMD", "WKUP2", "", "O", 62.992, 11.811, 0, 0, 0],
		[99, "КР1921ВГ015_99", -297.24, -216.54, "T", "SMD", "WKUP1", "", "O", 62.992, 11.811, 0, 0, 0],
		[100, "КР1921ВГ015_100", -297.24, -236.22, "T", "SMD", "WKUP0", "", "O", 62.992, 11.811, 0, 0, 0],
		[101, "C1_1", -55, -492.56, "B", "SMD", "GND1", "", "R", 31.496, 35.433, 0, 0, 90],
		[102, "C1_2", -55, -437.44, "B", "SMD", "13", "", "R", 31.496, 35.433, 0, 0, 90],
		[103, "C2_1", 34.6697, -492.5585, "B", "SMD", "GND1", "", "R", 31.496, 35.433, 0, 0, 90],
		[104, "C2_2", 34.6697, -437.4385, "B", "SMD", "15", "", "R", 31.496, 35.433, 0, 0, 90],
		[105, "C3_1", 115, -492.56, "B", "SMD", "GND1", "", "R", 31.496, 35.433, 0, 0, 90],
		[106, "C3_2", 115, -437.44, "B", "SMD", "17", "", "R", 31.496, 35.433, 0, 0, 90],
		[107, "C4_1", 225, -132.44, "B", "SMD", "GND2", "", "R", 31.496, 35.433, 0, 0, 270],
		[108, "C4_2", 225, -187.56, "B", "SMD", "SDADC_CAP", "", "R", 31.496, 35.433, 0, 0, 270],
		[109, "C5_1", -60, -122.44, "B", "SMD", "GND1", "", "R", 31.496, 35.433, 0, 0, 270],
		[110, "C5_2", -60, -177.56, "B", "SMD", "VCC1", "", "R", 31.496, 35.433, 0, 0, 270],
		[111, "C5_1", 607.8787, -157.9977, "B", "SMD", "GND1", "", "R", 31.496, 35.433, 0, 0, 90],
		[112, "C5_2", 607.8787, -102.8777, "B", "SMD", "VCC1", "", "R", 31.496, 35.433, 0, 0, 90],
		[113, "C5_1", 287.0033, 407.1283, "B", "SMD", "GND1", "", "R", 31.496, 35.433, 0, 0, 270],
		[114, "C5_2", 287.0033, 352.0083, "B", "SMD", "VCC1", "", "R", 31.496, 35.433, 0, 0, 270],
		[115, "C5_1", 80.3757, 139.5053, "B", "SMD", "GND1", "", "R", 31.496, 35.433, 0, 0, 90],
		[116, "C5_2", 80.3757, 194.6253, "B", "SMD", "VCC1", "", "R", 31.496, 35.433, 0, 0, 90],
		[117, "C5_1", -352.56, 410, "B", "SMD", "GND1", "", "R", 31.496, 35.433, 0, 0, 0],
		[118, "C5_2", -297.44, 410, "B", "SMD", "VCC1", "", "R", 31.496, 35.433, 0, 0, 0],
		[119, "C5_1", -332.56, -60, "B", "SMD", "GND1", "", "R", 31.496, 35.433, 0, 0, 0],
		[120, "C5_2", -277.44, -60, "B", "SMD", "VCC1", "", "R", 31.496, 35.433, 0, 0, 0],
		[121, "C6_1", 15, -122.44, "B", "SMD", "GND1", "", "R", 31.496, 35.433, 0, 0, 270],
		[122, "C6_2", 15, -177.56, "B", "SMD", "VCC1", "", "R", 31.496, 35.433, 0, 0, 270],
		[123, "C6_1", 532.0063, -157.9957, "B", "SMD", "GND1", "", "R", 31.496, 35.433, 0, 0, 90],
		[124, "C6_2", 532.0063, -102.8757, "B", "SMD", "VCC1", "", "R", 31.496, 35.433, 0, 0, 90],
		[125, "C6_1", 377.8757, 407.1263, "B", "SMD", "GND1", "", "R", 31.496, 35.433, 0, 0, 270],
		[126, "C6_2", 377.8757, 352.0063, "B", "SMD", "VCC1", "", "R", 31.496, 35.433, 0, 0, 270],
		[127, "C6_1", 4.5033, 139.5073, "B", "SMD", "GND1", "", "R", 31.496, 35.433, 0, 0, 90],
		[128, "C6_2", 4.5033, 194.6273, "B", "SMD", "VCC1", "", "R", 31.496, 35.433, 0, 0, 90],
		[129, "C6_1", -355.118, 334.1306, "B", "SMD", "GND1", "", "R", 31.496, 35.433, 0, 0, 0],
		[130, "C6_2", -299.998, 334.1306, "B", "SMD", "VCC1", "", "R", 31.496, 35.433, 0, 0, 0],
		[131, "C6_1", -332.56, -140, "B", "SMD", "GND1", "", "R", 31.496, 35.433, 0, 0, 0],
		[132, "C6_2", -277.44, -140, "B", "SMD", "VCC1", "", "R", 31.496, 35.433, 0, 0, 0],
		[133, "C7_1", -960, 507.56, "B", "SMD", "VCC1", "", "R", 31.496, 35.433, 0, 0, 270],
		[134, "C7_2", -960, 452.44, "B", "SMD", "GND1", "", "R", 31.496, 35.433, 0, 0, 270],
		[135, "C8_1", -1055, 507.56, "B", "SMD", "VIN", "", "R", 31.496, 35.433, 0, 0, 270],
		[136, "C8_2", -1055, 452.44, "B", "SMD", "GND1", "", "R", 31.496, 35.433, 0, 0, 270],
		[137, "C9_1", -1247.44, -740, "T", "SMD", "RST", "", "R", 31.496, 35.433, 0, 0, 180],
		[138, "C9_2", -1302.56, -740, "T", "SMD", "GND1", "", "R", 31.496, 35.433, 0, 0, 180],
		[139, "C10_1", 42.44, -481.121, "T", "SMD", "GND1", "", "R", 31.496, 35.433, 0, 0, 0],
		[140, "C10_2", 97.56, -481.121, "T", "SMD", "XO_OSC", "", "R", 31.496, 35.433, 0, 0, 0],
		[141, "C11_1", -37.44, -480, "T", "SMD", "GND1", "", "R", 31.496, 35.433, 0, 0, 180],
		[142, "C11_2", -92.56, -480, "T", "SMD", "XI_OSC", "", "R", 31.496, 35.433, 0, 0, 180],
		[143, "C12_1", -575, -302.44, "T", "SMD", "GND1", "", "R", 31.496, 35.433, 0, 0, 270],
		[144, "C12_2", -575, -357.56, "T", "SMD", "XI_RTC", "", "R", 31.496, 35.433, 0, 0, 270],
		[145, "C13_1", -575, -217.56, "T", "SMD", "GND1", "", "R", 31.496, 35.433, 0, 0, 90],
		[146, "C13_2", -575, -162.44, "T", "SMD", "XO_RTC", "", "R", 31.496, 35.433, 0, 0, 90],
		[147, "C14_1", 150.0645, -187.4995, "B", "SMD", "GND2", "", "R", 31.496, 35.433, 0, 0, 180],
		[148, "C14_2", 94.9445, -187.4995, "B", "SMD", "AREF", "", "R", 31.496, 35.433, 0, 0, 180],
		[149, "C15_1", 150.0645, -107.4995, "B", "SMD", "GND2", "", "R", 31.496, 35.433, 0, 0, 180],
		[150, "C15_2", 94.9445, -107.4995, "B", "SMD", "AREF", "", "R", 31.496, 35.433, 0, 0, 180],
		[151, "H5_1", 355, -1310, "T", "DIP", "ADC_CH3", "", "R", 70.866, 70.866, 47.244, 47.244, 180],
		[152, "H5_1", 355, -1310, "B", "DIP", "ADC_CH3", "", "R", 70.866, 70.866, 47.244, 47.244, 180],
		[153, "H5_2", 355, -1410, "T", "DIP", "ADC_CH4", "", "C", 70.866, 70.866, 47.244, 47.244, 180],
		[154, "H5_2", 355, -1410, "B", "DIP", "ADC_CH4", "", "C", 70.866, 70.866, 47.244, 47.244, 180],
		[155, "H5_3", 255, -1310, "T", "DIP", "ADC_CH2", "", "C", 70.866, 70.866, 47.244, 47.244, 180],
		[156, "H5_3", 255, -1310, "B", "DIP", "ADC_CH2", "", "C", 70.866, 70.866, 47.244, 47.244, 180],
		[157, "H5_4", 255, -1410, "T", "DIP", "ADC_CH5", "", "C", 70.866, 70.866, 47.244, 47.244, 180],
		[158, "H5_4", 255, -1410, "B", "DIP", "ADC_CH5", "", "C", 70.866, 70.866, 47.244, 47.244, 180],
		[159, "H5_5", 155, -1310, "T", "DIP", "ADC_CH1", "", "C", 70.866, 70.866, 47.244, 47.244, 180],
		[160, "H5_5", 155, -1310, "B", "DIP", "ADC_CH1", "", "C", 70.866, 70.866, 47.244, 47.244, 180],
		[161, "H5_6", 155, -1410, "T", "DIP", "ADC_CH6", "", "C", 70.866, 70.866, 47.244, 47.244, 180],
		[162, "H5_6", 155, -1410, "B", "DIP", "ADC_CH6", "", "C", 70.866, 70.866, 47.244, 47.244, 180],
		[163, "H5_7", 55, -1310, "T", "DIP", "ADC_CH0", "", "C", 70.866, 70.866, 47.244, 47.244, 180],
		[164, "H5_7", 55, -1310, "B", "DIP", "ADC_CH0", "", "C", 70.866, 70.866, 47.244, 47.244, 180],
		[165, "H5_8", 55, -1410, "T", "DIP", "ADC_CH7", "", "C", 70.866, 70.866, 47.244, 47.244, 180],
		[166, "H5_8", 55, -1410, "B", "DIP", "ADC_CH7", "", "C", 70.866, 70.866, 47.244, 47.244, 180],
		[167, "H5_9", -45, -1310, "T", "DIP", "CNO_INP1", "", "C", 70.866, 70.866, 47.244, 47.244, 180],
		[168, "H5_9", -45, -1310, "B", "DIP", "CNO_INP1", "", "C", 70.866, 70.866, 47.244, 47.244, 180],
		[169, "H5_10", -45, -1410, "T", "DIP", "CNO_INN1", "", "C", 70.866, 70.866, 47.244, 47.244, 180],
		[170, "H5_10", -45, -1410, "B", "DIP", "CNO_INN1", "", "C", 70.866, 70.866, 47.244, 47.244, 180],
		[171, "H5_11", -145, -1310, "T", "DIP", "CNO_INP0", "", "C", 70.866, 70.866, 47.244, 47.244, 180],
		[172, "H5_11", -145, -1310, "B", "DIP", "CNO_INP0", "", "C", 70.866, 70.866, 47.244, 47.244, 180],
		[173, "H5_12", -145, -1410, "T", "DIP", "CNO_INN0", "", "C", 70.866, 70.866, 47.244, 47.244, 180],
		[174, "H5_12", -145, -1410, "B", "DIP", "CNO_INN0", "", "C", 70.866, 70.866, 47.244, 47.244, 180],
		[175, "H5_13", -245, -1310, "T", "DIP", "AT_OUT", "", "C", 70.866, 70.866, 47.244, 47.244, 180],
		[176, "H5_13", -245, -1310, "B", "DIP", "AT_OUT", "", "C", 70.866, 70.866, 47.244, 47.244, 180],
		[177, "H5_14", -245, -1410, "T", "DIP", "AT_IN2", "", "C", 70.866, 70.866, 47.244, 47.244, 180],
		[178, "H5_14", -245, -1410, "B", "DIP", "AT_IN2", "", "C", 70.866, 70.866, 47.244, 47.244, 180],
		[179, "H5_15", -345, -1310, "T", "DIP", "AT_IN1", "", "C", 70.866, 70.866, 47.244, 47.244, 180],
		[180, "H5_15", -345, -1310, "B", "DIP", "AT_IN1", "", "C", 70.866, 70.866, 47.244, 47.244, 180],
		[181, "H5_16", -345, -1410, "T", "DIP", "AT_IN0", "", "C", 70.866, 70.866, 47.244, 47.244, 180],
		[182, "H5_16", -345, -1410, "B", "DIP", "AT_IN0", "", "C", 70.866, 70.866, 47.244, 47.244, 180],
		[183, "H8_1", -595, 710, "T", "DIP", "TRST", "", "R", 62, 62, 40.158, 40.158, 0],
		[184, "H8_1", -595, 710, "B", "DIP", "TRST", "", "R", 62, 62, 40.158, 40.158, 0],
		[185, "H8_2", -495, 710, "T", "DIP", "TCK", "", "C", 62, 62, 40.158, 40.158, 0],
		[186, "H8_2", -495, 710, "B", "DIP", "TCK", "", "C", 62, 62, 40.158, 40.158, 0],
		[187, "H8_3", -395, 710, "T", "DIP", "TDI", "", "C", 62, 62, 40.158, 40.158, 0],
		[188, "H8_3", -395, 710, "B", "DIP", "TDI", "", "C", 62, 62, 40.158, 40.158, 0],
		[189, "H8_4", -295, 710, "T", "DIP", "TDO", "", "C", 62, 62, 40.158, 40.158, 0],
		[190, "H8_4", -295, 710, "B", "DIP", "TDO", "", "C", 62, 62, 40.158, 40.158, 0],
		[191, "H8_5", -195, 710, "T", "DIP", "TMS", "", "C", 62, 62, 40.158, 40.158, 0],
		[192, "H8_5", -195, 710, "B", "DIP", "TMS", "", "C", 62, 62, 40.158, 40.158, 0],
		[193, "LED 15_1", -1223.81, -500, "T", "SMD", "GND1", "", "R", 25.058, 21.26, 0, 0, 180],
		[194, "LED 15_2", -1266.19, -500, "T", "SMD", "NET_1", "", "R", 25.058, 21.26, 0, 0, 180],
		[195, "OSC_1", 96.06, -625, "T", "DIP", "XO_OSC", "", "R", 59.055, 59.055, 35.434, 35.434, 180],
		[196, "OSC_1", 96.06, -625, "B", "DIP", "XO_OSC", "", "R", 59.055, 59.055, 35.434, 35.434, 180],
		[197, "OSC_2", -96.06, -625, "T", "DIP", "XI_OSC", "", "C", 59.055, 59.055, 35.434, 35.434, 180],
		[198, "OSC_2", -96.06, -625, "B", "DIP", "XI_OSC", "", "C", 59.055, 59.055, 35.434, 35.434, 180],
		[199, "Port A_1", -1405, 350, "T", "DIP", "PA1", "", "R", 70.866, 70.866, 47.244, 47.244, 270],
		[200, "Port A_1", -1405, 350, "B", "DIP", "PA1", "", "R", 70.866, 70.866, 47.244, 47.244, 270],
		[201, "Port A_2", -1305, 350, "T", "DIP", "PA0", "", "C", 70.866, 70.866, 47.244, 47.244, 270],
		[202, "Port A_2", -1305, 350, "B", "DIP", "PA0", "", "C", 70.866, 70.866, 47.244, 47.244, 270],
		[203, "Port A_3", -1405, 250, "T", "DIP", "PA3", "", "C", 70.866, 70.866, 47.244, 47.244, 270],
		[204, "Port A_3", -1405, 250, "B", "DIP", "PA3", "", "C", 70.866, 70.866, 47.244, 47.244, 270],
		[205, "Port A_4", -1305, 250, "T", "DIP", "PA2", "", "C", 70.866, 70.866, 47.244, 47.244, 270],
		[206, "Port A_4", -1305, 250, "B", "DIP", "PA2", "", "C", 70.866, 70.866, 47.244, 47.244, 270],
		[207, "Port A_5", -1405, 150, "T", "DIP", "PA5", "", "C", 70.866, 70.866, 47.244, 47.244, 270],
		[208, "Port A_5", -1405, 150, "B", "DIP", "PA5", "", "C", 70.866, 70.866, 47.244, 47.244, 270],
		[209, "Port A_6", -1305, 150, "T", "DIP", "PA4", "", "C", 70.866, 70.866, 47.244, 47.244, 270],
		[210, "Port A_6", -1305, 150, "B", "DIP", "PA4", "", "C", 70.866, 70.866, 47.244, 47.244, 270],
		[211, "Port A_7", -1405, 50, "T", "DIP", "PA7", "", "C", 70.866, 70.866, 47.244, 47.244, 270],
		[212, "Port A_7", -1405, 50, "B", "DIP", "PA7", "", "C", 70.866, 70.866, 47.244, 47.244, 270],
		[213, "Port A_8", -1305, 50, "T", "DIP", "PA6", "", "C", 70.866, 70.866, 47.244, 47.244, 270],
		[214, "Port A_8", -1305, 50, "B", "DIP", "PA6", "", "C", 70.866, 70.866, 47.244, 47.244, 270],
		[215, "Port A_9", -1405, -50, "T", "DIP", "PA9", "", "C", 70.866, 70.866, 47.244, 47.244, 270],
		[216, "Port A_9", -1405, -50, "B", "DIP", "PA9", "", "C", 70.866, 70.866, 47.244, 47.244, 270],
		[217, "Port A_10", -1305, -50, "T", "DIP", "PA8", "", "C", 70.866, 70.866, 47.244, 47.244, 270],
		[218, "Port A_10", -1305, -50, "B", "DIP", "PA8", "", "C", 70.866, 70.866, 47.244, 47.244, 270],
		[219, "Port A_11", -1405, -150, "T", "DIP", "PA11", "", "C", 70.866, 70.866, 47.244, 47.244, 270],
		[220, "Port A_11", -1405, -150, "B", "DIP", "PA11", "", "C", 70.866, 70.866, 47.244, 47.244, 270],
		[221, "Port A_12", -1305, -150, "T", "DIP", "PA10", "", "C", 70.866, 70.866, 47.244, 47.244, 270],
		[222, "Port A_12", -1305, -150, "B", "DIP", "PA10", "", "C", 70.866, 70.866, 47.244, 47.244, 270],
		[223, "Port A_13", -1405, -250, "T", "DIP", "PA13", "", "C", 70.866, 70.866, 47.244, 47.244, 270],
		[224, "Port A_13", -1405, -250, "B", "DIP", "PA13", "", "C", 70.866, 70.866, 47.244, 47.244, 270],
		[225, "Port A_14", -1305, -250, "T", "DIP", "PA12", "", "C", 70.866, 70.866, 47.244, 47.244, 270],
		[226, "Port A_14", -1305, -250, "B", "DIP", "PA12", "", "C", 70.866, 70.866, 47.244, 47.244, 270],
		[227, "Port A_15", -1405, -350, "T", "DIP", "PA15", "", "C", 70.866, 70.866, 47.244, 47.244, 270],
		[228, "Port A_15", -1405, -350, "B", "DIP", "PA15", "", "C", 70.866, 70.866, 47.244, 47.244, 270],
		[229, "Port A_16", -1305, -350, "T", "DIP", "PA14", "", "C", 70.866, 70.866, 47.244, 47.244, 270],
		[230, "Port A_16", -1305, -350, "B", "DIP", "PA14", "", "C", 70.866, 70.866, 47.244, 47.244, 270],
		[231, "Port B_1", 350, 1405, "T", "DIP", "PB1", "", "R", 70.866, 70.866, 47.244, 47.244, 180],
		[232, "Port B_1", 350, 1405, "B", "DIP", "PB1", "", "R", 70.866, 70.866, 47.244, 47.244, 180],
		[233, "Port B_2", 350, 1305, "T", "DIP", "PB0", "", "C", 70.866, 70.866, 47.244, 47.244, 180],
		[234, "Port B_2", 350, 1305, "B", "DIP", "PB0", "", "C", 70.866, 70.866, 47.244, 47.244, 180],
		[235, "Port B_3", 250, 1405, "T", "DIP", "PB3", "", "C", 70.866, 70.866, 47.244, 47.244, 180],
		[236, "Port B_3", 250, 1405, "B", "DIP", "PB3", "", "C", 70.866, 70.866, 47.244, 47.244, 180],
		[237, "Port B_4", 250, 1305, "T", "DIP", "PB2", "", "C", 70.866, 70.866, 47.244, 47.244, 180],
		[238, "Port B_4", 250, 1305, "B", "DIP", "PB2", "", "C", 70.866, 70.866, 47.244, 47.244, 180],
		[239, "Port B_5", 150, 1405, "T", "DIP", "PB5", "", "C", 70.866, 70.866, 47.244, 47.244, 180],
		[240, "Port B_5", 150, 1405, "B", "DIP", "PB5", "", "C", 70.866, 70.866, 47.244, 47.244, 180],
		[241, "Port B_6", 150, 1305, "T", "DIP", "PB4", "", "C", 70.866, 70.866, 47.244, 47.244, 180],
		[242, "Port B_6", 150, 1305, "B", "DIP", "PB4", "", "C", 70.866, 70.866, 47.244, 47.244, 180],
		[243, "Port B_7", 50, 1405, "T", "DIP", "PB7", "", "C", 70.866, 70.866, 47.244, 47.244, 180],
		[244, "Port B_7", 50, 1405, "B", "DIP", "PB7", "", "C", 70.866, 70.866, 47.244, 47.244, 180],
		[245, "Port B_8", 50, 1305, "T", "DIP", "PB6", "", "C", 70.866, 70.866, 47.244, 47.244, 180],
		[246, "Port B_8", 50, 1305, "B", "DIP", "PB6", "", "C", 70.866, 70.866, 47.244, 47.244, 180],
		[247, "Port B_9", -50, 1405, "T", "DIP", "PB9", "", "C", 70.866, 70.866, 47.244, 47.244, 180],
		[248, "Port B_9", -50, 1405, "B", "DIP", "PB9", "", "C", 70.866, 70.866, 47.244, 47.244, 180],
		[249, "Port B_10", -50, 1305, "T", "DIP", "PB8", "", "C", 70.866, 70.866, 47.244, 47.244, 180],
		[250, "Port B_10", -50, 1305, "B", "DIP", "PB8", "", "C", 70.866, 70.866, 47.244, 47.244, 180],
		[251, "Port B_11", -150, 1405, "T", "DIP", "PB11", "", "C", 70.866, 70.866, 47.244, 47.244, 180],
		[252, "Port B_11", -150, 1405, "B", "DIP", "PB11", "", "C", 70.866, 70.866, 47.244, 47.244, 180],
		[253, "Port B_12", -150, 1305, "T", "DIP", "PB10", "", "C", 70.866, 70.866, 47.244, 47.244, 180],
		[254, "Port B_12", -150, 1305, "B", "DIP", "PB10", "", "C", 70.866, 70.866, 47.244, 47.244, 180],
		[255, "Port B_13", -250, 1405, "T", "DIP", "PB13", "", "C", 70.866, 70.866, 47.244, 47.244, 180],
		[256, "Port B_13", -250, 1405, "B", "DIP", "PB13", "", "C", 70.866, 70.866, 47.244, 47.244, 180],
		[257, "Port B_14", -250, 1305, "T", "DIP", "PB12", "", "C", 70.866, 70.866, 47.244, 47.244, 180],
		[258, "Port B_14", -250, 1305, "B", "DIP", "PB12", "", "C", 70.866, 70.866, 47.244, 47.244, 180],
		[259, "Port B_15", -350, 1405, "T", "DIP", "PB15", "", "C", 70.866, 70.866, 47.244, 47.244, 180],
		[260, "Port B_15", -350, 1405, "B", "DIP", "PB15", "", "C", 70.866, 70.866, 47.244, 47.244, 180],
		[261, "Port B_16", -350, 1305, "T", "DIP", "PB14", "", "C", 70.866, 70.866, 47.244, 47.244, 180],
		[262, "Port B_16", -350, 1305, "B", "DIP", "PB14", "", "C", 70.866, 70.866, 47.244, 47.244, 180],
		[263, "Port C_1", 1410, -350, "T", "DIP", "PC1", "", "R", 70.866, 70.866, 47.244, 47.244, 90],
		[264, "Port C_1", 1410, -350, "B", "DIP", "PC1", "", "R", 70.866, 70.866, 47.244, 47.244, 90],
		[265, "Port C_2", 1310, -350, "T", "DIP", "PC0", "", "C", 70.866, 70.866, 47.244, 47.244, 90],
		[266, "Port C_2", 1310, -350, "B", "DIP", "PC0", "", "C", 70.866, 70.866, 47.244, 47.244, 90],
		[267, "Port C_3", 1410, -250, "T", "DIP", "PC3", "", "C", 70.866, 70.866, 47.244, 47.244, 90],
		[268, "Port C_3", 1410, -250, "B", "DIP", "PC3", "", "C", 70.866, 70.866, 47.244, 47.244, 90],
		[269, "Port C_4", 1310, -250, "T", "DIP", "PC2", "", "C", 70.866, 70.866, 47.244, 47.244, 90],
		[270, "Port C_4", 1310, -250, "B", "DIP", "PC2", "", "C", 70.866, 70.866, 47.244, 47.244, 90],
		[271, "Port C_5", 1410, -150, "T", "DIP", "PC5", "", "C", 70.866, 70.866, 47.244, 47.244, 90],
		[272, "Port C_5", 1410, -150, "B", "DIP", "PC5", "", "C", 70.866, 70.866, 47.244, 47.244, 90],
		[273, "Port C_6", 1310, -150, "T", "DIP", "PC4", "", "C", 70.866, 70.866, 47.244, 47.244, 90],
		[274, "Port C_6", 1310, -150, "B", "DIP", "PC4", "", "C", 70.866, 70.866, 47.244, 47.244, 90],
		[275, "Port C_7", 1410, -50, "T", "DIP", "PC7", "", "C", 70.866, 70.866, 47.244, 47.244, 90],
		[276, "Port C_7", 1410, -50, "B", "DIP", "PC7", "", "C", 70.866, 70.866, 47.244, 47.244, 90],
		[277, "Port C_8", 1310, -50, "T", "DIP", "PC6", "", "C", 70.866, 70.866, 47.244, 47.244, 90],
		[278, "Port C_8", 1310, -50, "B", "DIP", "PC6", "", "C", 70.866, 70.866, 47.244, 47.244, 90],
		[279, "Port C_9", 1410, 50, "T", "DIP", "PC9", "", "C", 70.866, 70.866, 47.244, 47.244, 90],
		[280, "Port C_9", 1410, 50, "B", "DIP", "PC9", "", "C", 70.866, 70.866, 47.244, 47.244, 90],
		[281, "Port C_10", 1310, 50, "T", "DIP", "PC8", "", "C", 70.866, 70.866, 47.244, 47.244, 90],
		[282, "Port C_10", 1310, 50, "B", "DIP", "PC8", "", "C", 70.866, 70.866, 47.244, 47.244, 90],
		[283, "Port C_11", 1410, 150, "T", "DIP", "PC11", "", "C", 70.866, 70.866, 47.244, 47.244, 90],
		[284, "Port C_11", 1410, 150, "B", "DIP", "PC11", "", "C", 70.866, 70.866, 47.244, 47.244, 90],
		[285, "Port C_12", 1310, 150, "T", "DIP", "PC10", "", "C", 70.866, 70.866, 47.244, 47.244, 90],
		[286, "Port C_12", 1310, 150, "B", "DIP", "PC10", "", "C", 70.866, 70.866, 47.244, 47.244, 90],
		[287, "Port C_13", 1410, 250, "T", "DIP", "PC13", "", "C", 70.866, 70.866, 47.244, 47.244, 90],
		[288, "Port C_13", 1410, 250, "B", "DIP", "PC13", "", "C", 70.866, 70.866, 47.244, 47.244, 90],
		[289, "Port C_14", 1310, 250, "T", "DIP", "PC12", "", "C", 70.866, 70.866, 47.244, 47.244, 90],
		[290, "Port C_14", 1310, 250, "B", "DIP", "PC12", "", "C", 70.866, 70.866, 47.244, 47.244, 90],
		[291, "Port C_15", 1410, 350, "T", "DIP", "PC15", "", "C", 70.866, 70.866, 47.244, 47.244, 90],
		[292, "Port C_15", 1410, 350, "B", "DIP", "PC15", "", "C", 70.866, 70.866, 47.244, 47.244, 90],
		[293, "Port C_16", 1310, 350, "T", "DIP", "PC14", "", "C", 70.866, 70.866, 47.244, 47.244, 90],
		[294, "Port C_16", 1310, 350, "B", "DIP", "PC14", "", "C", 70.866, 70.866, 47.244, 47.244, 90],
		[295, "R1_1", 370.34, 255, "T", "SMD", "SERV_EN", "", "R", 31.751, 34.016, 0, 0, 0],
		[296, "R1_2", 429.66, 255, "T", "SMD", "$R1_2", "", "R", 31.751, 34.016, 0, 0, 0],
		[297, "R2_1", -910.34, -735, "T", "SMD", "$R2_1", "", "R", 31.751, 34.016, 0, 0, 180],
		[298, "R2_2", -969.66, -735, "T", "SMD", "RST", "", "R", 31.751, 34.016, 0, 0, 180],
		[299, "R3_1", -969.66, -655, "T", "SMD", "RST", "", "R", 31.751, 34.016, 0, 0, 0],
		[300, "R3_2", -910.34, -655, "T", "SMD", "VCC1", "", "R", 31.751, 34.016, 0, 0, 0],
		[301, "R4_1", -35.34, -405, "T", "SMD", "XO_OSC", "", "R", 31.751, 34.016, 0, 0, 180],
		[302, "R4_2", -94.66, -405, "T", "SMD", "XI_OSC", "", "R", 31.751, 34.016, 0, 0, 180],
		[303, "R5_1", -1399.66, -500, "T", "SMD", "PA15", "", "R", 31.751, 34.016, 0, 0, 0],
		[304, "R5_2", -1340.34, -500, "T", "SMD", "NET_2", "", "R", 31.751, 34.016, 0, 0, 0],
		[305, "R6_1", 744.66, -100, "B", "SMD", "VUSB", "", "R", 31.751, 34.016, 0, 0, 180],
		[306, "R6_2", 685.34, -100, "B", "SMD", "VCC1", "", "R", 31.751, 34.016, 0, 0, 180],
		[307, "R7_1", 974.0272, -940.9728, "T", "SMD", "GND1", "", "R", 31.751, 34.016, 0, 0, 45],
		[308, "R7_2", 1015.9728, -899.0272, "T", "SMD", "USB_D-", "", "R", 31.751, 34.016, 0, 0, 45],
		[309, "R8_1", 769.0272, -535.9728, "T", "SMD", "USB_D+", "", "R", 31.751, 34.016, 0, 0, 45],
		[310, "R8_2", 810.9728, -494.0272, "T", "SMD", "VUSB", "", "R", 31.751, 34.016, 0, 0, 45],
		[311, "Reset_1", -1304.13, -821.415, "T", "SMD", "GND1", "", "R", 90.551, 59.055, 0, 0, 0],
		[312, "Reset_2", -945.87, -821.425, "T", "SMD", "$R2_1", "", "R", 90.551, 59.055, 0, 0, 0],
		[313, "Reset_3", -1304.13, -998.585, "T", "SMD", "NET_3", "", "R", 90.551, 59.055, 0, 0, 0],
		[314, "Reset_4", -945.87, -998.585, "T", "SMD", "NET_4", "", "R", 90.551, 59.055, 0, 0, 0],
		[315, "RTC_1", -715, -351.06, "T", "DIP", "XI_RTC", "", "R", 59.055, 59.055, 35.434, 35.434, 90],
		[316, "RTC_1", -715, -351.06, "B", "DIP", "XI_RTC", "", "R", 59.055, 59.055, 35.434, 35.434, 90],
		[317, "RTC_2", -715, -158.94, "T", "DIP", "XO_RTC", "", "C", 59.055, 59.055, 35.434, 35.434, 90],
		[318, "RTC_2", -715, -158.94, "B", "DIP", "XO_RTC", "", "C", 59.055, 59.055, 35.434, 35.434, 90],
		[319, "Service EN_1", 874.13, 306.415, "T", "SMD", "$R1_2", "", "R", 90.551, 59.055, 0, 0, 180],
		[320, "Service EN_2", 515.87, 306.425, "T", "SMD", "VCC1", "", "R", 90.551, 59.055, 0, 0, 180],
		[321, "Service EN_3", 874.13, 483.585, "T", "SMD", "NET_5", "", "R", 90.551, 59.055, 0, 0, 180],
		[322, "Service EN_4", 515.87, 483.585, "T", "SMD", "NET_6", "", "R", 90.551, 59.055, 0, 0, 180],
		[323, "USB1_1", 1030.8395, -615.975, "T", "DIP", "VUSB", "", "C", 62.992, 62.992, 39.37, 39.37, 225],
		[324, "USB1_1", 1030.8395, -615.975, "B", "DIP", "VUSB", "", "C", 62.992, 62.992, 39.37, 39.37, 225],
		[325, "USB1_2", 961.2461, -685.5685, "T", "DIP", "USB_D-", "", "C", 62.992, 62.992, 39.37, 39.37, 225],
		[326, "USB1_2", 961.2461, -685.5685, "B", "DIP", "USB_D-", "", "C", 62.992, 62.992, 39.37, 39.37, 225],
		[327, "USB1_3", 905.5685, -741.2461, "T", "DIP", "USB_D+", "", "C", 62.992, 62.992, 39.37, 39.37, 225],
		[328, "USB1_3", 905.5685, -741.2461, "B", "DIP", "USB_D+", "", "C", 62.992, 62.992, 39.37, 39.37, 225],
		[329, "USB1_4", 835.9679, -810.8466, "T", "DIP", "GND1", "", "C", 62.992, 62.992, 39.37, 39.37, 225],
		[330, "USB1_4", 835.9679, -810.8466, "B", "DIP", "GND1", "", "C", 62.992, 62.992, 39.37, 39.37, 225],
		[331, "USB1_5", 684.2511, -828.9344, "T", "DIP", "NET_7", "", "O", 47.244, 102.362, 31.496, 86.614, 225],
		[332, "USB1_5", 684.2511, -828.9344, "B", "DIP", "NET_7", "", "O", 47.244, 102.362, 31.496, 86.614, 225],
		[333, "USB1_5", 1048.9344, -464.2511, "T", "DIP", "NET_8", "", "O", 47.244, 102.362, 31.496, 86.614, 225],
		[334, "USB1_5", 1048.9344, -464.2511, "B", "DIP", "NET_8", "", "O", 47.244, 102.362, 31.496, 86.614, 225],
		[335, "V ADC_1", 237.01, -20.55, "B", "SMD", "GND2", "", "R", 92.126, 38.583, 0, 0, 180],
		[336, "V ADC_2", 237.01, 70, "B", "SMD", "AREF", "", "R", 92.126, 38.583, 0, 0, 180],
		[337, "V ADC_3", 237.01, 160.55, "B", "SMD", "VINADC", "", "R", 92.126, 38.583, 0, 0, 180],
		[338, "V ADC_4", 462.99, 70, "B", "SMD", "NET_9", "", "R", 92.126, 141.732, 0, 0, 180],
		[339, "VCC_1", -1405, 605, "T", "DIP", "VIN", "", "R", 62.992, 62.992, 41.338, 41.338, 0],
		[340, "VCC_1", -1405, 605, "B", "DIP", "VIN", "", "R", 62.992, 62.992, 41.338, 41.338, 0],
		[341, "VCC_2", -1405, 705, "T", "DIP", "GND1", "", "C", 62.992, 62.992, 41.338, 41.338, 0],
		[342, "VCC_2", -1405, 705, "B", "DIP", "GND1", "", "C", 62.992, 62.992, 41.338, 41.338, 0],
		[343, "VCC_3", -1305, 605, "T", "DIP", "VIN", "", "C", 62.992, 62.992, 41.338, 41.338, 0],
		[344, "VCC_3", -1305, 605, "B", "DIP", "VIN", "", "C", 62.992, 62.992, 41.338, 41.338, 0],
		[345, "VCC_4", -1305, 705, "T", "DIP", "GND1", "", "C", 62.992, 62.992, 41.338, 41.338, 0],
		[346, "VCC_4", -1305, 705, "B", "DIP", "GND1", "", "C", 62.992, 62.992, 41.338, 41.338, 0],
		[347, "VCC_5", -1205, 605, "T", "DIP", "VIN", "", "C", 62.992, 62.992, 41.338, 41.338, 0],
		[348, "VCC_5", -1205, 605, "B", "DIP", "VIN", "", "C", 62.992, 62.992, 41.338, 41.338, 0],
		[349, "VCC_6", -1205, 705, "T", "DIP", "GND1", "", "C", 62.992, 62.992, 41.338, 41.338, 0],
		[350, "VCC_6", -1205, 705, "B", "DIP", "GND1", "", "C", 62.992, 62.992, 41.338, 41.338, 0],
		[351, "VIN_1", -874.45, 612.01, "B", "SMD", "GND1", "", "R", 92.126, 38.583, 0, 0, 270],
		[352, "VIN_2", -965, 612.01, "B", "SMD", "VCC1", "", "R", 92.126, 38.583, 0, 0, 270],
		[353, "VIN_3", -1055.55, 612.01, "B", "SMD", "VIN", "", "R", 92.126, 38.583, 0, 0, 270],
		[354, "VIN_4", -965, 837.99, "B", "SMD", "NET_10", "", "R", 92.126, 141.732, 0, 0, 270],
		[355, "WKUP_1", -705, -650, "T", "DIP", "WKUP2", "", "R", 62, 62, 40.158, 40.158, 0],
		[356, "WKUP_1", -705, -650, "B", "DIP", "WKUP2", "", "R", 62, 62, 40.158, 40.158, 0],
		[357, "WKUP_2", -605, -650, "T", "DIP", "WKUP1", "", "C", 62, 62, 40.158, 40.158, 0],
		[358, "WKUP_2", -605, -650, "B", "DIP", "WKUP1", "", "C", 62, 62, 40.158, 40.158, 0],
		[359, "WKUP_3", -505, -650, "T", "DIP", "WKUP0", "", "C", 62, 62, 40.158, 40.158, 0],
		[360, "WKUP_3", -505, -650, "B", "DIP", "WKUP0", "", "C", 62, 62, 40.158, 40.158, 0],
		[361, "PAD1_1", 140, -830, "T", "DIP", "VCC2", "", "C", 60, 60, 36, 36, 0],
		[362, "PAD1_1", 140, -830, "B", "DIP", "VCC2", "", "C", 60, 60, 36, 36, 0],
		[363, "PAD2_1", 340, -335, "T", "DIP", "GND2", "", "C", 60, 60, 36, 36, 0],
		[364, "PAD2_1", 340, -335, "B", "DIP", "GND2", "", "C", 60, 60, 36, 36, 0],
		[365, "PAD3_100", -297.24, -236.22, "T", "SMD", "WKUP0", "", "O", 62.992, 11.811, 0, 0, 0],
		[366, "PAD4_99", -297.24, -216.54, "T", "SMD", "WKUP1", "", "O", 62.992, 11.811, 0, 0, 0],
		[367, "PAD5_98", -297.24, -196.85, "T", "SMD", "WKUP2", "", "O", 62.992, 11.811, 0, 0, 0],
		[368, "PAD6_97", -297.24, -177.17, "T", "SMD", "XI_RTC", "", "O", 62.992, 11.811, 0, 0, 0],
		[369, "PAD7_96", -297.24, -157.48, "T", "SMD", "XO_RTC", "", "O", 62.992, 11.811, 0, 0, 0],
		[370, "PAD8_95", -297.24, -137.8, "T", "SMD", "RST", "", "O", 62.992, 11.811, 0, 0, 0],
		[371, "PAD9_94", -297.24, -118.11, "T", "SMD", "GND1", "", "O", 62.992, 11.811, 0, 0, 0],
		[372, "PAD10_93", -297.24, -98.43, "T", "SMD", "VCC1", "", "O", 62.992, 11.811, 0, 0, 0],
		[373, "PAD11_92", -297.24, -78.74, "T", "SMD", "PA15", "", "O", 62.992, 11.811, 0, 0, 0],
		[374, "PAD12_91", -297.24, -59.06, "T", "SMD", "PA14", "", "O", 62.992, 11.811, 0, 0, 0],
		[375, "PAD13_90", -297.24, -39.37, "T", "SMD", "PA13", "", "O", 62.992, 11.811, 0, 0, 0],
		[376, "PAD14_89", -297.24, -19.68, "T", "SMD", "PA12", "", "O", 62.992, 11.811, 0, 0, 0],
		[377, "PAD15_88", -297.24, 0, "T", "SMD", "PA11", "", "O", 62.992, 11.811, 0, 0, 0],
		[378, "PAD16_87", -297.24, 19.69, "T", "SMD", "PA10", "", "O", 62.992, 11.811, 0, 0, 0],
		[379, "PAD17_86", -297.24, 39.37, "T", "SMD", "PA9", "", "O", 62.992, 11.811, 0, 0, 0],
		[380, "PAD18_85", -297.24, 59.06, "T", "SMD", "PA8", "", "O", 62.992, 11.811, 0, 0, 0],
		[381, "PAD19_84", -297.24, 78.74, "T", "SMD", "PA7", "", "O", 62.992, 11.811, 0, 0, 0],
		[382, "PAD20_83", -297.24, 98.43, "T", "SMD", "PA6", "", "O", 62.992, 11.811, 0, 0, 0],
		[383, "PAD21_82", -297.24, 118.11, "T", "SMD", "PA5", "", "O", 62.992, 11.811, 0, 0, 0],
		[384, "PAD22_81", -297.24, 137.8, "T", "SMD", "PA4", "", "O", 62.992, 11.811, 0, 0, 0],
		[385, "PAD23_80", -297.24, 157.48, "T", "SMD", "PA3", "", "O", 62.992, 11.811, 0, 0, 0],
		[386, "PAD24_79", -297.24, 177.17, "T", "SMD", "PA2", "", "O", 62.992, 11.811, 0, 0, 0],
		[387, "PAD25_78", -297.24, 196.85, "T", "SMD", "PA1", "", "O", 62.992, 11.811, 0, 0, 0],
		[388, "PAD26_77", -297.24, 216.54, "T", "SMD", "PA0", "", "O", 62.992, 11.811, 0, 0, 0],
		[389, "PAD27_76", -297.24, 236.22, "T", "SMD", "TRST", "", "O", 62.992, 11.811, 0, 0, 0],
		[390, "PAD28_75", -236.22, 297.24, "T", "SMD", "VCC1", "", "O", 11.811, 62.992, 0, 0, 0],
		[391, "PAD29_74", -216.54, 297.24, "T", "SMD", "GND1", "", "O", 11.811, 62.992, 0, 0, 0],
		[392, "PAD30_73", -196.85, 297.24, "T", "SMD", "TCK", "", "O", 11.811, 62.992, 0, 0, 0],
		[393, "PAD31_72", -177.17, 297.24, "T", "SMD", "TDI", "", "O", 11.811, 62.992, 0, 0, 0],
		[394, "PAD32_71", -157.48, 297.24, "T", "SMD", "TDO", "", "O", 11.811, 62.992, 0, 0, 0],
		[395, "PAD33_70", -137.8, 297.24, "T", "SMD", "TMS", "", "O", 11.811, 62.992, 0, 0, 0],
		[396, "PAD34_69", -118.11, 297.24, "T", "SMD", "PB15", "", "O", 11.811, 62.992, 0, 0, 0],
		[397, "PAD35_68", -98.43, 297.24, "T", "SMD", "PB14", "", "O", 11.811, 62.992, 0, 0, 0],
		[398, "PAD36_67", -78.74, 297.24, "T", "SMD", "PB13", "", "O", 11.811, 62.992, 0, 0, 0],
		[399, "PAD37_66", -59.06, 297.24, "T", "SMD", "PB12", "", "O", 11.811, 62.992, 0, 0, 0],
		[400, "PAD38_65", -39.37, 297.24, "T", "SMD", "PB11", "", "O", 11.811, 62.992, 0, 0, 0],
		[401, "PAD39_64", -19.68, 297.24, "T", "SMD", "PB10", "", "O", 11.811, 62.992, 0, 0, 0],
		[402, "PAD40_63", 0, 297.24, "T", "SMD", "PB9", "", "O", 11.811, 62.992, 0, 0, 0],
		[403, "PAD41_62", 19.69, 297.24, "T", "SMD", "PB8", "", "O", 11.811, 62.992, 0, 0, 0],
		[404, "PAD42_61", 39.37, 297.24, "T", "SMD", "VCC1", "", "O", 11.811, 62.992, 0, 0, 0],
		[405, "PAD43_60", 59.06, 297.24, "T", "SMD", "PB7", "", "O", 11.811, 62.992, 0, 0, 0],
		[406, "PAD44_59", 78.74, 297.24, "T", "SMD", "PB6", "", "O", 11.811, 62.992, 0, 0, 0],
		[407, "PAD45_58", 98.43, 297.24, "T", "SMD", "PB5", "", "O", 11.811, 62.992, 0, 0, 0],
		[408, "PAD46_57", 118.11, 297.24, "T", "SMD", "PB4", "", "O", 11.811, 62.992, 0, 0, 0],
		[409, "PAD47_56", 137.8, 297.24, "T", "SMD", "PB3", "", "O", 11.811, 62.992, 0, 0, 0],
		[410, "PAD48_55", 157.48, 297.24, "T", "SMD", "PB2", "", "O", 11.811, 62.992, 0, 0, 0],
		[411, "PAD49_54", 177.17, 297.24, "T", "SMD", "PB1", "", "O", 11.811, 62.992, 0, 0, 0],
		[412, "PAD50_53", 196.85, 297.24, "T", "SMD", "PB0", "", "O", 11.811, 62.992, 0, 0, 0],
		[413, "PAD51_52", 216.54, 297.24, "T", "SMD", "GND1", "", "O", 11.811, 62.992, 0, 0, 0],
		[414, "PAD52_51", 236.22, 297.24, "T", "SMD", "VCC1", "", "O", 11.811, 62.992, 0, 0, 0],
		[415, "PAD53_50", 297.24, 236.22, "T", "SMD", "SERV_EN", "", "O", 62.992, 11.811, 0, 0, 0],
		[416, "PAD54_49", 297.24, 216.54, "T", "SMD", "PC15", "", "O", 62.992, 11.811, 0, 0, 0],
		[417, "PAD55_48", 297.24, 196.85, "T", "SMD", "PC14", "", "O", 62.992, 11.811, 0, 0, 0],
		[418, "PAD56_47", 297.24, 177.17, "T", "SMD", "PC13", "", "O", 62.992, 11.811, 0, 0, 0],
		[419, "PAD57_46", 297.24, 157.48, "T", "SMD", "PC12", "", "O", 62.992, 11.811, 0, 0, 0],
		[420, "PAD58_45", 297.24, 137.8, "T", "SMD", "PC11", "", "O", 62.992, 11.811, 0, 0, 0],
		[421, "PAD59_44", 297.24, 118.11, "T", "SMD", "PC10", "", "O", 62.992, 11.811, 0, 0, 0],
		[422, "PAD60_43", 297.24, 98.43, "T", "SMD", "PC9", "", "O", 62.992, 11.811, 0, 0, 0],
		[423, "PAD61_42", 297.24, 78.74, "T", "SMD", "PC8", "", "O", 62.992, 11.811, 0, 0, 0],
		[424, "PAD62_41", 297.24, 59.06, "T", "SMD", "PC7", "", "O", 62.992, 11.811, 0, 0, 0],
		[425, "PAD63_40", 297.24, 39.37, "T", "SMD", "PC6", "", "O", 62.992, 11.811, 0, 0, 0],
		[426, "PAD64_39", 297.24, 19.69, "T", "SMD", "PC5", "", "O", 62.992, 11.811, 0, 0, 0],
		[427, "PAD65_38", 297.24, 0, "T", "SMD", "PC4", "", "O", 62.992, 11.811, 0, 0, 0],
		[428, "PAD66_37", 297.24, -19.68, "T", "SMD", "PC3", "", "O", 62.992, 11.811, 0, 0, 0],
		[429, "PAD67_36", 297.24, -39.37, "T", "SMD", "PC2", "", "O", 62.992, 11.811, 0, 0, 0],
		[430, "PAD68_35", 297.24, -59.06, "T", "SMD", "PC1", "", "O", 62.992, 11.811, 0, 0, 0],
		[431, "PAD69_34", 297.24, -78.74, "T", "SMD", "PC0", "", "O", 62.992, 11.811, 0, 0, 0],
		[432, "PAD70_33", 297.24, -98.43, "T", "SMD", "VCC1", "", "O", 62.992, 11.811, 0, 0, 0],
		[433, "PAD71_32", 297.24, -118.11, "T", "SMD", "GND1", "", "O", 62.992, 11.811, 0, 0, 0],
		[434, "PAD72_31", 297.24, -137.8, "T", "SMD", "USB_D-", "", "O", 62.992, 11.811, 0, 0, 0],
		[435, "PAD73_30", 297.24, -157.48, "T", "SMD", "USB_D+", "", "O", 62.992, 11.811, 0, 0, 0],
		[436, "PAD74_29", 297.24, -177.17, "T", "SMD", "ADC_CH7", "", "O", 62.992, 11.811, 0, 0, 0],
		[437, "PAD75_28", 297.24, -196.85, "T", "SMD", "ADC_CH6", "", "O", 62.992, 11.811, 0, 0, 0],
		[438, "PAD76_27", 297.24, -216.54, "T", "SMD", "ADC_CH5", "", "O", 62.992, 11.811, 0, 0, 0],
		[439, "PAD77_26", 297.24, -236.22, "T", "SMD", "ADC_CH4", "", "O", 62.992, 11.811, 0, 0, 0],
		[440, "PAD78_25", 236.22, -297.24, "T", "SMD", "SDADC_CAP", "", "O", 11.811, 62.992, 0, 0, 0],
		[441, "PAD79_24", 216.54, -297.24, "T", "SMD", "ADC_CH3", "", "O", 11.811, 62.992, 0, 0, 0],
		[442, "PAD80_23", 196.85, -297.24, "T", "SMD", "ADC_CH2", "", "O", 11.811, 62.992, 0, 0, 0],
		[443, "PAD81_22", 177.17, -297.24, "T", "SMD", "ADC_CH1", "", "O", 11.811, 62.992, 0, 0, 0],
		[444, "PAD82_21", 157.48, -297.24, "T", "SMD", "ADC_CH0", "", "O", 11.811, 62.992, 0, 0, 0],
		[445, "PAD83_20", 137.8, -297.24, "T", "SMD", "GND2", "", "O", 11.811, 62.992, 0, 0, 0],
		[446, "PAD84_19", 118.11, -297.24, "T", "SMD", "VCC2", "", "O", 11.811, 62.992, 0, 0, 0],
		[447, "PAD85_18", 98.43, -297.24, "T", "SMD", "AREF", "", "O", 11.811, 62.992, 0, 0, 0],
		[448, "PAD86_17", 78.74, -297.24, "T", "SMD", "17", "", "O", 11.811, 62.992, 0, 0, 0],
		[449, "PAD87_16", 59.06, -297.24, "T", "SMD", "VCC1", "", "O", 11.811, 62.992, 0, 0, 0],
		[450, "PAD88_15", 39.37, -297.24, "T", "SMD", "15", "", "O", 11.811, 62.992, 0, 0, 0],
		[451, "PAD89_14", 19.69, -297.24, "T", "SMD", "V_BAT", "", "O", 11.811, 62.992, 0, 0, 0],
		[452, "PAD90_13", 0, -297.24, "T", "SMD", "13", "", "O", 11.811, 62.992, 0, 0, 0],
		[453, "PAD91_12", -19.68, -297.24, "T", "SMD", "VCC1", "", "O", 11.811, 62.992, 0, 0, 0],
		[454, "PAD92_11", -39.37, -297.24, "T", "SMD", "GND1", "", "O", 11.811, 62.992, 0, 0, 0],
		[455, "PAD93_10", -59.06, -297.24, "T", "SMD", "XO_OSC", "", "O", 11.811, 62.992, 0, 0, 0],
		[456, "PAD94_9", -78.74, -297.24, "T", "SMD", "XI_OSC", "", "O", 11.811, 62.992, 0, 0, 0],
		[457, "PAD95_8", -98.43, -297.24, "T", "SMD", "CNO_INP1", "", "O", 11.811, 62.992, 0, 0, 0],
		[458, "PAD96_7", -118.11, -297.24, "T", "SMD", "CNO_INN1", "", "O", 11.811, 62.992, 0, 0, 0],
		[459, "PAD97_6", -137.8, -297.24, "T", "SMD", "CNO_INP0", "", "O", 11.811, 62.992, 0, 0, 0],
		[460, "PAD98_5", -157.48, -297.24, "T", "SMD", "CNO_INN0", "", "O", 11.811, 62.992, 0, 0, 0],
		[461, "PAD99_4", -177.17, -297.24, "T", "SMD", "AT_OUT", "", "O", 11.811, 62.992, 0, 0, 0],
		[462, "PAD100_3", -196.85, -297.24, "T", "SMD", "AT_IN2", "", "O", 11.811, 62.992, 0, 0, 0],
		[463, "PAD101_2", -216.54, -297.24, "T", "SMD", "AT_IN1", "", "O", 11.811, 62.992, 0, 0, 0],
		[464, "PAD102_1", -236.22, -297.24, "T", "SMD", "AT_IN0", "", "O", 11.811, 62.992, 0, 0, 0],
		[465, "PAD103_1", -1304.13, -821.415, "T", "SMD", "GND1", "", "R", 90.551, 59.055, 0, 0, 0],
		[466, "PAD104_2", -945.87, -821.425, "T", "SMD", "$R2_1", "", "R", 90.551, 59.055, 0, 0, 0],
		[467, "PAD105_2", -55, -437.44, "B", "SMD", "13", "", "R", 31.496, 35.433, 0, 0, 90],
		[468, "PAD106_1", -55, -492.56, "B", "SMD", "GND1", "", "R", 31.496, 35.433, 0, 0, 90],
		[469, "PAD107_2", 34.6697, -437.4385, "B", "SMD", "15", "", "R", 31.496, 35.433, 0, 0, 90],
		[470, "PAD108_1", 34.6697, -492.5585, "B", "SMD", "GND1", "", "R", 31.496, 35.433, 0, 0, 90],
		[471, "PAD109_2", 115, -437.44, "B", "SMD", "17", "", "R", 31.496, 35.433, 0, 0, 90],
		[472, "PAD110_1", 115, -492.56, "B", "SMD", "GND1", "", "R", 31.496, 35.433, 0, 0, 90],
		[473, "PAD111_2", 225, -187.56, "B", "SMD", "SDADC_CAP", "", "R", 31.496, 35.433, 0, 0, 270],
		[474, "PAD112_1", 225, -132.44, "B", "SMD", "GND2", "", "R", 31.496, 35.433, 0, 0, 270],
		[475, "PAD113_2", -60, -177.56, "B", "SMD", "VCC1", "", "R", 31.496, 35.433, 0, 0, 270],
		[476, "PAD114_1", -60, -122.44, "B", "SMD", "GND1", "", "R", 31.496, 35.433, 0, 0, 270],
		[477, "PAD115_2", 15, -177.56, "B", "SMD", "VCC1", "", "R", 31.496, 35.433, 0, 0, 270],
		[478, "PAD116_1", 15, -122.44, "B", "SMD", "GND1", "", "R", 31.496, 35.433, 0, 0, 270],
		[479, "PAD117_2", 607.8787, -102.8777, "B", "SMD", "VCC1", "", "R", 31.496, 35.433, 0, 0, 90],
		[480, "PAD118_1", 607.8787, -157.9977, "B", "SMD", "GND1", "", "R", 31.496, 35.433, 0, 0, 90],
		[481, "PAD119_2", 532.0063, -102.8757, "B", "SMD", "VCC1", "", "R", 31.496, 35.433, 0, 0, 90],
		[482, "PAD120_1", 532.0063, -157.9957, "B", "SMD", "GND1", "", "R", 31.496, 35.433, 0, 0, 90],
		[483, "PAD121_2", 287.0033, 352.0083, "B", "SMD", "VCC1", "", "R", 31.496, 35.433, 0, 0, 270],
		[484, "PAD122_1", 287.0033, 407.1283, "B", "SMD", "GND1", "", "R", 31.496, 35.433, 0, 0, 270],
		[485, "PAD123_2", 377.8757, 352.0063, "B", "SMD", "VCC1", "", "R", 31.496, 35.433, 0, 0, 270],
		[486, "PAD124_1", 377.8757, 407.1263, "B", "SMD", "GND1", "", "R", 31.496, 35.433, 0, 0, 270],
		[487, "PAD125_2", 80.3757, 194.6253, "B", "SMD", "VCC1", "", "R", 31.496, 35.433, 0, 0, 90],
		[488, "PAD126_1", 80.3757, 139.5053, "B", "SMD", "GND1", "", "R", 31.496, 35.433, 0, 0, 90],
		[489, "PAD127_2", 4.5033, 194.6273, "B", "SMD", "VCC1", "", "R", 31.496, 35.433, 0, 0, 90],
		[490, "PAD128_1", 4.5033, 139.5073, "B", "SMD", "GND1", "", "R", 31.496, 35.433, 0, 0, 90],
		[491, "PAD129_2", -297.44, 410, "B", "SMD", "VCC1", "", "R", 31.496, 35.433, 0, 0, 0],
		[492, "PAD130_1", -352.56, 410, "B", "SMD", "GND1", "", "R", 31.496, 35.433, 0, 0, 0],
		[493, "PAD131_2", -299.998, 334.1306, "B", "SMD", "VCC1", "", "R", 31.496, 35.433, 0, 0, 0],
		[494, "PAD132_1", -355.118, 334.1306, "B", "SMD", "GND1", "", "R", 31.496, 35.433, 0, 0, 0],
		[495, "PAD133_2", -277.44, -60, "B", "SMD", "VCC1", "", "R", 31.496, 35.433, 0, 0, 0],
		[496, "PAD134_1", -332.56, -60, "B", "SMD", "GND1", "", "R", 31.496, 35.433, 0, 0, 0],
		[497, "PAD135_2", -277.44, -140, "B", "SMD", "VCC1", "", "R", 31.496, 35.433, 0, 0, 0],
		[498, "PAD136_1", -332.56, -140, "B", "SMD", "GND1", "", "R", 31.496, 35.433, 0, 0, 0],
		[499, "PAD137_1", -874.45, 612.01, "B", "SMD", "GND1", "", "R", 92.126, 38.583, 0, 0, 270],
		[500, "PAD138_2", -965, 612.01, "B", "SMD", "VCC1", "", "R", 92.126, 38.583, 0, 0, 270],
		[501, "PAD139_3", -1055.55, 612.01, "B", "SMD", "VIN", "", "R", 92.126, 38.583, 0, 0, 270],
		[502, "PAD140_2", -960, 452.44, "B", "SMD", "GND1", "", "R", 31.496, 35.433, 0, 0, 270],
		[503, "PAD141_1", -960, 507.56, "B", "SMD", "VCC1", "", "R", 31.496, 35.433, 0, 0, 270],
		[504, "PAD142_2", -1055, 452.44, "B", "SMD", "GND1", "", "R", 31.496, 35.433, 0, 0, 270],
		[505, "PAD143_1", -1055, 507.56, "B", "SMD", "VIN", "", "R", 31.496, 35.433, 0, 0, 270],
		[506, "PAD144_1", 874.13, 306.415, "T", "SMD", "$R1_2", "", "R", 90.551, 59.055, 0, 0, 180],
		[507, "PAD145_2", 515.87, 306.425, "T", "SMD", "VCC1", "", "R", 90.551, 59.055, 0, 0, 180],
		[508, "PAD146_2", 429.66, 255, "T", "SMD", "$R1_2", "", "R", 31.751, 34.016, 0, 0, 0],
		[509, "PAD147_1", 370.34, 255, "T", "SMD", "SERV_EN", "", "R", 31.751, 34.016, 0, 0, 0],
		[510, "PAD148_2", -969.66, -735, "T", "SMD", "RST", "", "R", 31.751, 34.016, 0, 0, 180],
		[511, "PAD149_1", -910.34, -735, "T", "SMD", "$R2_1", "", "R", 31.751, 34.016, 0, 0, 180],
		[512, "PAD150_2", -910.34, -655, "T", "SMD", "VCC1", "", "R", 31.751, 34.016, 0, 0, 0],
		[513, "PAD151_1", -969.66, -655, "T", "SMD", "RST", "", "R", 31.751, 34.016, 0, 0, 0],
		[514, "PAD152_2", -1302.56, -740, "T", "SMD", "GND1", "", "R", 31.496, 35.433, 0, 0, 180],
		[515, "PAD153_1", -1247.44, -740, "T", "SMD", "RST", "", "R", 31.496, 35.433, 0, 0, 180],
		[516, "PAD154_1", 96.06, -625, "T", "DIP", "XO_OSC", "", "R", 59.055, 59.055, 35.434, 35.434, 180],
		[517, "PAD154_1", 96.06, -625, "B", "DIP", "XO_OSC", "", "R", 59.055, 59.055, 35.434, 35.434, 180],
		[518, "PAD155_2", -96.06, -625, "T", "DIP", "XI_OSC", "", "C", 59.055, 59.055, 35.434, 35.434, 180],
		[519, "PAD155_2", -96.06, -625, "B", "DIP", "XI_OSC", "", "C", 59.055, 59.055, 35.434, 35.434, 180],
		[520, "PAD156_1", -715, -351.06, "T", "DIP", "XI_RTC", "", "R", 59.055, 59.055, 35.434, 35.434, 90],
		[521, "PAD156_1", -715, -351.06, "B", "DIP", "XI_RTC", "", "R", 59.055, 59.055, 35.434, 35.434, 90],
		[522, "PAD157_2", -715, -158.94, "T", "DIP", "XO_RTC", "", "C", 59.055, 59.055, 35.434, 35.434, 90],
		[523, "PAD157_2", -715, -158.94, "B", "DIP", "XO_RTC", "", "C", 59.055, 59.055, 35.434, 35.434, 90],
		[524, "PAD158_2", 97.56, -481.121, "T", "SMD", "XO_OSC", "", "R", 31.496, 35.433, 0, 0, 0],
		[525, "PAD159_1", 42.44, -481.121, "T", "SMD", "GND1", "", "R", 31.496, 35.433, 0, 0, 0],
		[526, "PAD160_2", -92.56, -480, "T", "SMD", "XI_OSC", "", "R", 31.496, 35.433, 0, 0, 180],
		[527, "PAD161_1", -37.44, -480, "T", "SMD", "GND1", "", "R", 31.496, 35.433, 0, 0, 180],
		[528, "PAD162_2", -575, -357.56, "T", "SMD", "XI_RTC", "", "R", 31.496, 35.433, 0, 0, 270],
		[529, "PAD163_1", -575, -302.44, "T", "SMD", "GND1", "", "R", 31.496, 35.433, 0, 0, 270],
		[530, "PAD164_2", -575, -162.44, "T", "SMD", "XO_RTC", "", "R", 31.496, 35.433, 0, 0, 90],
		[531, "PAD165_1", -575, -217.56, "T", "SMD", "GND1", "", "R", 31.496, 35.433, 0, 0, 90],
		[532, "PAD166_2", -94.66, -405, "T", "SMD", "XI_OSC", "", "R", 31.751, 34.016, 0, 0, 180],
		[533, "PAD167_1", -35.34, -405, "T", "SMD", "XO_OSC", "", "R", 31.751, 34.016, 0, 0, 180],
		[534, "PAD168_2", 94.9445, -187.4995, "B", "SMD", "AREF", "", "R", 31.496, 35.433, 0, 0, 180],
		[535, "PAD169_1", 150.0645, -187.4995, "B", "SMD", "GND2", "", "R", 31.496, 35.433, 0, 0, 180],
		[536, "PAD170_2", 94.9445, -107.4995, "B", "SMD", "AREF", "", "R", 31.496, 35.433, 0, 0, 180],
		[537, "PAD171_1", 150.0645, -107.4995, "B", "SMD", "GND2", "", "R", 31.496, 35.433, 0, 0, 180],
		[538, "PAD172_1", 1030.8395, -615.975, "T", "DIP", "VUSB", "", "C", 62.992, 62.992, 39.37, 39.37, 225],
		[539, "PAD172_1", 1030.8395, -615.975, "B", "DIP", "VUSB", "", "C", 62.992, 62.992, 39.37, 39.37, 225],
		[540, "PAD173_2", 961.2461, -685.5685, "T", "DIP", "USB_D-", "", "C", 62.992, 62.992, 39.37, 39.37, 225],
		[541, "PAD173_2", 961.2461, -685.5685, "B", "DIP", "USB_D-", "", "C", 62.992, 62.992, 39.37, 39.37, 225],
		[542, "PAD174_3", 905.5685, -741.2461, "T", "DIP", "USB_D+", "", "C", 62.992, 62.992, 39.37, 39.37, 225],
		[543, "PAD174_3", 905.5685, -741.2461, "B", "DIP", "USB_D+", "", "C", 62.992, 62.992, 39.37, 39.37, 225],
		[544, "PAD175_4", 835.9679, -810.8466, "T", "DIP", "GND1", "", "C", 62.992, 62.992, 39.37, 39.37, 225],
		[545, "PAD175_4", 835.9679, -810.8466, "B", "DIP", "GND1", "", "C", 62.992, 62.992, 39.37, 39.37, 225],
		[546, "PAD176_16", -1305, -350, "T", "DIP", "PA14", "", "C", 70.866, 70.866, 47.244, 47.244, 270],
		[547, "PAD176_16", -1305, -350, "B", "DIP", "PA14", "", "C", 70.866, 70.866, 47.244, 47.244, 270],
		[548, "PAD177_15", -1405, -350, "T", "DIP", "PA15", "", "C", 70.866, 70.866, 47.244, 47.244, 270],
		[549, "PAD177_15", -1405, -350, "B", "DIP", "PA15", "", "C", 70.866, 70.866, 47.244, 47.244, 270],
		[550, "PAD178_14", -1305, -250, "T", "DIP", "PA12", "", "C", 70.866, 70.866, 47.244, 47.244, 270],
		[551, "PAD178_14", -1305, -250, "B", "DIP", "PA12", "", "C", 70.866, 70.866, 47.244, 47.244, 270],
		[552, "PAD179_13", -1405, -250, "T", "DIP", "PA13", "", "C", 70.866, 70.866, 47.244, 47.244, 270],
		[553, "PAD179_13", -1405, -250, "B", "DIP", "PA13", "", "C", 70.866, 70.866, 47.244, 47.244, 270],
		[554, "PAD180_12", -1305, -150, "T", "DIP", "PA10", "", "C", 70.866, 70.866, 47.244, 47.244, 270],
		[555, "PAD180_12", -1305, -150, "B", "DIP", "PA10", "", "C", 70.866, 70.866, 47.244, 47.244, 270],
		[556, "PAD181_11", -1405, -150, "T", "DIP", "PA11", "", "C", 70.866, 70.866, 47.244, 47.244, 270],
		[557, "PAD181_11", -1405, -150, "B", "DIP", "PA11", "", "C", 70.866, 70.866, 47.244, 47.244, 270],
		[558, "PAD182_10", -1305, -50, "T", "DIP", "PA8", "", "C", 70.866, 70.866, 47.244, 47.244, 270],
		[559, "PAD182_10", -1305, -50, "B", "DIP", "PA8", "", "C", 70.866, 70.866, 47.244, 47.244, 270],
		[560, "PAD183_9", -1405, -50, "T", "DIP", "PA9", "", "C", 70.866, 70.866, 47.244, 47.244, 270],
		[561, "PAD183_9", -1405, -50, "B", "DIP", "PA9", "", "C", 70.866, 70.866, 47.244, 47.244, 270],
		[562, "PAD184_8", -1305, 50, "T", "DIP", "PA6", "", "C", 70.866, 70.866, 47.244, 47.244, 270],
		[563, "PAD184_8", -1305, 50, "B", "DIP", "PA6", "", "C", 70.866, 70.866, 47.244, 47.244, 270],
		[564, "PAD185_7", -1405, 50, "T", "DIP", "PA7", "", "C", 70.866, 70.866, 47.244, 47.244, 270],
		[565, "PAD185_7", -1405, 50, "B", "DIP", "PA7", "", "C", 70.866, 70.866, 47.244, 47.244, 270],
		[566, "PAD186_6", -1305, 150, "T", "DIP", "PA4", "", "C", 70.866, 70.866, 47.244, 47.244, 270],
		[567, "PAD186_6", -1305, 150, "B", "DIP", "PA4", "", "C", 70.866, 70.866, 47.244, 47.244, 270],
		[568, "PAD187_5", -1405, 150, "T", "DIP", "PA5", "", "C", 70.866, 70.866, 47.244, 47.244, 270],
		[569, "PAD187_5", -1405, 150, "B", "DIP", "PA5", "", "C", 70.866, 70.866, 47.244, 47.244, 270],
		[570, "PAD188_4", -1305, 250, "T", "DIP", "PA2", "", "C", 70.866, 70.866, 47.244, 47.244, 270],
		[571, "PAD188_4", -1305, 250, "B", "DIP", "PA2", "", "C", 70.866, 70.866, 47.244, 47.244, 270],
		[572, "PAD189_3", -1405, 250, "T", "DIP", "PA3", "", "C", 70.866, 70.866, 47.244, 47.244, 270],
		[573, "PAD189_3", -1405, 250, "B", "DIP", "PA3", "", "C", 70.866, 70.866, 47.244, 47.244, 270],
		[574, "PAD190_2", -1305, 350, "T", "DIP", "PA0", "", "C", 70.866, 70.866, 47.244, 47.244, 270],
		[575, "PAD190_2", -1305, 350, "B", "DIP", "PA0", "", "C", 70.866, 70.866, 47.244, 47.244, 270],
		[576, "PAD191_1", -1405, 350, "T", "DIP", "PA1", "", "R", 70.866, 70.866, 47.244, 47.244, 270],
		[577, "PAD191_1", -1405, 350, "B", "DIP", "PA1", "", "R", 70.866, 70.866, 47.244, 47.244, 270],
		[578, "PAD192_16", -350, 1305, "T", "DIP", "PB14", "", "C", 70.866, 70.866, 47.244, 47.244, 180],
		[579, "PAD192_16", -350, 1305, "B", "DIP", "PB14", "", "C", 70.866, 70.866, 47.244, 47.244, 180],
		[580, "PAD193_15", -350, 1405, "T", "DIP", "PB15", "", "C", 70.866, 70.866, 47.244, 47.244, 180],
		[581, "PAD193_15", -350, 1405, "B", "DIP", "PB15", "", "C", 70.866, 70.866, 47.244, 47.244, 180],
		[582, "PAD194_14", -250, 1305, "T", "DIP", "PB12", "", "C", 70.866, 70.866, 47.244, 47.244, 180],
		[583, "PAD194_14", -250, 1305, "B", "DIP", "PB12", "", "C", 70.866, 70.866, 47.244, 47.244, 180],
		[584, "PAD195_13", -250, 1405, "T", "DIP", "PB13", "", "C", 70.866, 70.866, 47.244, 47.244, 180],
		[585, "PAD195_13", -250, 1405, "B", "DIP", "PB13", "", "C", 70.866, 70.866, 47.244, 47.244, 180],
		[586, "PAD196_12", -150, 1305, "T", "DIP", "PB10", "", "C", 70.866, 70.866, 47.244, 47.244, 180],
		[587, "PAD196_12", -150, 1305, "B", "DIP", "PB10", "", "C", 70.866, 70.866, 47.244, 47.244, 180],
		[588, "PAD197_11", -150, 1405, "T", "DIP", "PB11", "", "C", 70.866, 70.866, 47.244, 47.244, 180],
		[589, "PAD197_11", -150, 1405, "B", "DIP", "PB11", "", "C", 70.866, 70.866, 47.244, 47.244, 180],
		[590, "PAD198_10", -50, 1305, "T", "DIP", "PB8", "", "C", 70.866, 70.866, 47.244, 47.244, 180],
		[591, "PAD198_10", -50, 1305, "B", "DIP", "PB8", "", "C", 70.866, 70.866, 47.244, 47.244, 180],
		[592, "PAD199_9", -50, 1405, "T", "DIP", "PB9", "", "C", 70.866, 70.866, 47.244, 47.244, 180],
		[593, "PAD199_9", -50, 1405, "B", "DIP", "PB9", "", "C", 70.866, 70.866, 47.244, 47.244, 180],
		[594, "PAD200_8", 50, 1305, "T", "DIP", "PB6", "", "C", 70.866, 70.866, 47.244, 47.244, 180],
		[595, "PAD200_8", 50, 1305, "B", "DIP", "PB6", "", "C", 70.866, 70.866, 47.244, 47.244, 180],
		[596, "PAD201_7", 50, 1405, "T", "DIP", "PB7", "", "C", 70.866, 70.866, 47.244, 47.244, 180],
		[597, "PAD201_7", 50, 1405, "B", "DIP", "PB7", "", "C", 70.866, 70.866, 47.244, 47.244, 180],
		[598, "PAD202_6", 150, 1305, "T", "DIP", "PB4", "", "C", 70.866, 70.866, 47.244, 47.244, 180],
		[599, "PAD202_6", 150, 1305, "B", "DIP", "PB4", "", "C", 70.866, 70.866, 47.244, 47.244, 180],
		[600, "PAD203_5", 150, 1405, "T", "DIP", "PB5", "", "C", 70.866, 70.866, 47.244, 47.244, 180],
		[601, "PAD203_5", 150, 1405, "B", "DIP", "PB5", "", "C", 70.866, 70.866, 47.244, 47.244, 180],
		[602, "PAD204_4", 250, 1305, "T", "DIP", "PB2", "", "C", 70.866, 70.866, 47.244, 47.244, 180],
		[603, "PAD204_4", 250, 1305, "B", "DIP", "PB2", "", "C", 70.866, 70.866, 47.244, 47.244, 180],
		[604, "PAD205_3", 250, 1405, "T", "DIP", "PB3", "", "C", 70.866, 70.866, 47.244, 47.244, 180],
		[605, "PAD205_3", 250, 1405, "B", "DIP", "PB3", "", "C", 70.866, 70.866, 47.244, 47.244, 180],
		[606, "PAD206_2", 350, 1305, "T", "DIP", "PB0", "", "C", 70.866, 70.866, 47.244, 47.244, 180],
		[607, "PAD206_2", 350, 1305, "B", "DIP", "PB0", "", "C", 70.866, 70.866, 47.244, 47.244, 180],
		[608, "PAD207_1", 350, 1405, "T", "DIP", "PB1", "", "R", 70.866, 70.866, 47.244, 47.244, 180],
		[609, "PAD207_1", 350, 1405, "B", "DIP", "PB1", "", "R", 70.866, 70.866, 47.244, 47.244, 180],
		[610, "PAD208_16", 1310, 350, "T", "DIP", "PC14", "", "C", 70.866, 70.866, 47.244, 47.244, 90],
		[611, "PAD208_16", 1310, 350, "B", "DIP", "PC14", "", "C", 70.866, 70.866, 47.244, 47.244, 90],
		[612, "PAD209_15", 1410, 350, "T", "DIP", "PC15", "", "C", 70.866, 70.866, 47.244, 47.244, 90],
		[613, "PAD209_15", 1410, 350, "B", "DIP", "PC15", "", "C", 70.866, 70.866, 47.244, 47.244, 90],
		[614, "PAD210_14", 1310, 250, "T", "DIP", "PC12", "", "C", 70.866, 70.866, 47.244, 47.244, 90],
		[615, "PAD210_14", 1310, 250, "B", "DIP", "PC12", "", "C", 70.866, 70.866, 47.244, 47.244, 90],
		[616, "PAD211_13", 1410, 250, "T", "DIP", "PC13", "", "C", 70.866, 70.866, 47.244, 47.244, 90],
		[617, "PAD211_13", 1410, 250, "B", "DIP", "PC13", "", "C", 70.866, 70.866, 47.244, 47.244, 90],
		[618, "PAD212_12", 1310, 150, "T", "DIP", "PC10", "", "C", 70.866, 70.866, 47.244, 47.244, 90],
		[619, "PAD212_12", 1310, 150, "B", "DIP", "PC10", "", "C", 70.866, 70.866, 47.244, 47.244, 90],
		[620, "PAD213_11", 1410, 150, "T", "DIP", "PC11", "", "C", 70.866, 70.866, 47.244, 47.244, 90],
		[621, "PAD213_11", 1410, 150, "B", "DIP", "PC11", "", "C", 70.866, 70.866, 47.244, 47.244, 90],
		[622, "PAD214_10", 1310, 50, "T", "DIP", "PC8", "", "C", 70.866, 70.866, 47.244, 47.244, 90],
		[623, "PAD214_10", 1310, 50, "B", "DIP", "PC8", "", "C", 70.866, 70.866, 47.244, 47.244, 90],
		[624, "PAD215_9", 1410, 50, "T", "DIP", "PC9", "", "C", 70.866, 70.866, 47.244, 47.244, 90],
		[625, "PAD215_9", 1410, 50, "B", "DIP", "PC9", "", "C", 70.866, 70.866, 47.244, 47.244, 90],
		[626, "PAD216_8", 1310, -50, "T", "DIP", "PC6", "", "C", 70.866, 70.866, 47.244, 47.244, 90],
		[627, "PAD216_8", 1310, -50, "B", "DIP", "PC6", "", "C", 70.866, 70.866, 47.244, 47.244, 90],
		[628, "PAD217_7", 1410, -50, "T", "DIP", "PC7", "", "C", 70.866, 70.866, 47.244, 47.244, 90],
		[629, "PAD217_7", 1410, -50, "B", "DIP", "PC7", "", "C", 70.866, 70.866, 47.244, 47.244, 90],
		[630, "PAD218_6", 1310, -150, "T", "DIP", "PC4", "", "C", 70.866, 70.866, 47.244, 47.244, 90],
		[631, "PAD218_6", 1310, -150, "B", "DIP", "PC4", "", "C", 70.866, 70.866, 47.244, 47.244, 90],
		[632, "PAD219_5", 1410, -150, "T", "DIP", "PC5", "", "C", 70.866, 70.866, 47.244, 47.244, 90],
		[633, "PAD219_5", 1410, -150, "B", "DIP", "PC5", "", "C", 70.866, 70.866, 47.244, 47.244, 90],
		[634, "PAD220_4", 1310, -250, "T", "DIP", "PC2", "", "C", 70.866, 70.866, 47.244, 47.244, 90],
		[635, "PAD220_4", 1310, -250, "B", "DIP", "PC2", "", "C", 70.866, 70.866, 47.244, 47.244, 90],
		[636, "PAD221_3", 1410, -250, "T", "DIP", "PC3", "", "C", 70.866, 70.866, 47.244, 47.244, 90],
		[637, "PAD221_3", 1410, -250, "B", "DIP", "PC3", "", "C", 70.866, 70.866, 47.244, 47.244, 90],
		[638, "PAD222_2", 1310, -350, "T", "DIP", "PC0", "", "C", 70.866, 70.866, 47.244, 47.244, 90],
		[639, "PAD222_2", 1310, -350, "B", "DIP", "PC0", "", "C", 70.866, 70.866, 47.244, 47.244, 90],
		[640, "PAD223_1", 1410, -350, "T", "DIP", "PC1", "", "R", 70.866, 70.866, 47.244, 47.244, 90],
		[641, "PAD223_1", 1410, -350, "B", "DIP", "PC1", "", "R", 70.866, 70.866, 47.244, 47.244, 90],
		[642, "PAD224_16", -345, -1410, "T", "DIP", "AT_IN0", "", "C", 70.866, 70.866, 47.244, 47.244, 180],
		[643, "PAD224_16", -345, -1410, "B", "DIP", "AT_IN0", "", "C", 70.866, 70.866, 47.244, 47.244, 180],
		[644, "PAD225_15", -345, -1310, "T", "DIP", "AT_IN1", "", "C", 70.866, 70.866, 47.244, 47.244, 180],
		[645, "PAD225_15", -345, -1310, "B", "DIP", "AT_IN1", "", "C", 70.866, 70.866, 47.244, 47.244, 180],
		[646, "PAD226_14", -245, -1410, "T", "DIP", "AT_IN2", "", "C", 70.866, 70.866, 47.244, 47.244, 180],
		[647, "PAD226_14", -245, -1410, "B", "DIP", "AT_IN2", "", "C", 70.866, 70.866, 47.244, 47.244, 180],
		[648, "PAD227_13", -245, -1310, "T", "DIP", "AT_OUT", "", "C", 70.866, 70.866, 47.244, 47.244, 180],
		[649, "PAD227_13", -245, -1310, "B", "DIP", "AT_OUT", "", "C", 70.866, 70.866, 47.244, 47.244, 180],
		[650, "PAD228_12", -145, -1410, "T", "DIP", "CNO_INN0", "", "C", 70.866, 70.866, 47.244, 47.244, 180],
		[651, "PAD228_12", -145, -1410, "B", "DIP", "CNO_INN0", "", "C", 70.866, 70.866, 47.244, 47.244, 180],
		[652, "PAD229_11", -145, -1310, "T", "DIP", "CNO_INP0", "", "C", 70.866, 70.866, 47.244, 47.244, 180],
		[653, "PAD229_11", -145, -1310, "B", "DIP", "CNO_INP0", "", "C", 70.866, 70.866, 47.244, 47.244, 180],
		[654, "PAD230_10", -45, -1410, "T", "DIP", "CNO_INN1", "", "C", 70.866, 70.866, 47.244, 47.244, 180],
		[655, "PAD230_10", -45, -1410, "B", "DIP", "CNO_INN1", "", "C", 70.866, 70.866, 47.244, 47.244, 180],
		[656, "PAD231_9", -45, -1310, "T", "DIP", "CNO_INP1", "", "C", 70.866, 70.866, 47.244, 47.244, 180],
		[657, "PAD231_9", -45, -1310, "B", "DIP", "CNO_INP1", "", "C", 70.866, 70.866, 47.244, 47.244, 180],
		[658, "PAD232_8", 55, -1410, "T", "DIP", "ADC_CH7", "", "C", 70.866, 70.866, 47.244, 47.244, 180],
		[659, "PAD232_8", 55, -1410, "B", "DIP", "ADC_CH7", "", "C", 70.866, 70.866, 47.244, 47.244, 180],
		[660, "PAD233_7", 55, -1310, "T", "DIP", "ADC_CH0", "", "C", 70.866, 70.866, 47.244, 47.244, 180],
		[661, "PAD233_7", 55, -1310, "B", "DIP", "ADC_CH0", "", "C", 70.866, 70.866, 47.244, 47.244, 180],
		[662, "PAD234_6", 155, -1410, "T", "DIP", "ADC_CH6", "", "C", 70.866, 70.866, 47.244, 47.244, 180],
		[663, "PAD234_6", 155, -1410, "B", "DIP", "ADC_CH6", "", "C", 70.866, 70.866, 47.244, 47.244, 180],
		[664, "PAD235_5", 155, -1310, "T", "DIP", "ADC_CH1", "", "C", 70.866, 70.866, 47.244, 47.244, 180],
		[665, "PAD235_5", 155, -1310, "B", "DIP", "ADC_CH1", "", "C", 70.866, 70.866, 47.244, 47.244, 180],
		[666, "PAD236_4", 255, -1410, "T", "DIP", "ADC_CH5", "", "C", 70.866, 70.866, 47.244, 47.244, 180],
		[667, "PAD236_4", 255, -1410, "B", "DIP", "ADC_CH5", "", "C", 70.866, 70.866, 47.244, 47.244, 180],
		[668, "PAD237_3", 255, -1310, "T", "DIP", "ADC_CH2", "", "C", 70.866, 70.866, 47.244, 47.244, 180],
		[669, "PAD237_3", 255, -1310, "B", "DIP", "ADC_CH2", "", "C", 70.866, 70.866, 47.244, 47.244, 180],
		[670, "PAD238_2", 355, -1410, "T", "DIP", "ADC_CH4", "", "C", 70.866, 70.866, 47.244, 47.244, 180],
		[671, "PAD238_2", 355, -1410, "B", "DIP", "ADC_CH4", "", "C", 70.866, 70.866, 47.244, 47.244, 180],
		[672, "PAD239_1", 355, -1310, "T", "DIP", "ADC_CH3", "", "R", 70.866, 70.866, 47.244, 47.244, 180],
		[673, "PAD239_1", 355, -1310, "B", "DIP", "ADC_CH3", "", "R", 70.866, 70.866, 47.244, 47.244, 180],
		[674, "PAD240_1", 237.01, -20.55, "B", "SMD", "GND2", "", "R", 92.126, 38.583, 0, 0, 180],
		[675, "PAD241_2", 237.01, 70, "B", "SMD", "AREF", "", "R", 92.126, 38.583, 0, 0, 180],
		[676, "PAD242_3", 237.01, 160.55, "B", "SMD", "VINADC", "", "R", 92.126, 38.583, 0, 0, 180],
		[677, "PAD243_1", -1223.81, -500, "T", "SMD", "GND1", "", "R", 25.058, 21.26, 0, 0, 180],
		[678, "PAD244_1", -1399.66, -500, "T", "SMD", "PA15", "", "R", 31.751, 34.016, 0, 0, 0],
		[679, "PAD245_3", -505, -650, "T", "DIP", "WKUP0", "", "C", 62, 62, 40.158, 40.158, 0],
		[680, "PAD245_3", -505, -650, "B", "DIP", "WKUP0", "", "C", 62, 62, 40.158, 40.158, 0],
		[681, "PAD246_2", -605, -650, "T", "DIP", "WKUP1", "", "C", 62, 62, 40.158, 40.158, 0],
		[682, "PAD246_2", -605, -650, "B", "DIP", "WKUP1", "", "C", 62, 62, 40.158, 40.158, 0],
		[683, "PAD247_1", -705, -650, "T", "DIP", "WKUP2", "", "R", 62, 62, 40.158, 40.158, 0],
		[684, "PAD247_1", -705, -650, "B", "DIP", "WKUP2", "", "R", 62, 62, 40.158, 40.158, 0],
		[685, "PAD248_5", -195, 710, "T", "DIP", "TMS", "", "C", 62, 62, 40.158, 40.158, 0],
		[686, "PAD248_5", -195, 710, "B", "DIP", "TMS", "", "C", 62, 62, 40.158, 40.158, 0],
		[687, "PAD249_4", -295, 710, "T", "DIP", "TDO", "", "C", 62, 62, 40.158, 40.158, 0],
		[688, "PAD249_4", -295, 710, "B", "DIP", "TDO", "", "C", 62, 62, 40.158, 40.158, 0],
		[689, "PAD250_3", -395, 710, "T", "DIP", "TDI", "", "C", 62, 62, 40.158, 40.158, 0],
		[690, "PAD250_3", -395, 710, "B", "DIP", "TDI", "", "C", 62, 62, 40.158, 40.158, 0],
		[691, "PAD251_2", -495, 710, "T", "DIP", "TCK", "", "C", 62, 62, 40.158, 40.158, 0],
		[692, "PAD251_2", -495, 710, "B", "DIP", "TCK", "", "C", 62, 62, 40.158, 40.158, 0],
		[693, "PAD252_1", -595, 710, "T", "DIP", "TRST", "", "R", 62, 62, 40.158, 40.158, 0],
		[694, "PAD252_1", -595, 710, "B", "DIP", "TRST", "", "R", 62, 62, 40.158, 40.158, 0],
		[695, "PAD253_1", -1405, 605, "T", "DIP", "VIN", "", "R", 62.992, 62.992, 41.338, 41.338, 0],
		[696, "PAD253_1", -1405, 605, "B", "DIP", "VIN", "", "R", 62.992, 62.992, 41.338, 41.338, 0],
		[697, "PAD254_2", -1405, 705, "T", "DIP", "GND1", "", "C", 62.992, 62.992, 41.338, 41.338, 0],
		[698, "PAD254_2", -1405, 705, "B", "DIP", "GND1", "", "C", 62.992, 62.992, 41.338, 41.338, 0],
		[699, "PAD255_3", -1305, 605, "T", "DIP", "VIN", "", "C", 62.992, 62.992, 41.338, 41.338, 0],
		[700, "PAD255_3", -1305, 605, "B", "DIP", "VIN", "", "C", 62.992, 62.992, 41.338, 41.338, 0],
		[701, "PAD256_4", -1305, 705, "T", "DIP", "GND1", "", "C", 62.992, 62.992, 41.338, 41.338, 0],
		[702, "PAD256_4", -1305, 705, "B", "DIP", "GND1", "", "C", 62.992, 62.992, 41.338, 41.338, 0],
		[703, "PAD257_5", -1205, 605, "T", "DIP", "VIN", "", "C", 62.992, 62.992, 41.338, 41.338, 0],
		[704, "PAD257_5", -1205, 605, "B", "DIP", "VIN", "", "C", 62.992, 62.992, 41.338, 41.338, 0],
		[705, "PAD258_6", -1205, 705, "T", "DIP", "GND1", "", "C", 62.992, 62.992, 41.338, 41.338, 0],
		[706, "PAD258_6", -1205, 705, "B", "DIP", "GND1", "", "C", 62.992, 62.992, 41.338, 41.338, 0],
		[707, "PAD259_2", 685.34, -100, "B", "SMD", "VCC1", "", "R", 31.751, 34.016, 0, 0, 180],
		[708, "PAD260_1", 744.66, -100, "B", "SMD", "VUSB", "", "R", 31.751, 34.016, 0, 0, 180],
		[709, "PAD261_2", 1015.9728, -899.0272, "T", "SMD", "USB_D-", "", "R", 31.751, 34.016, 0, 0, 45],
		[710, "PAD262_1", 974.0272, -940.9728, "T", "SMD", "GND1", "", "R", 31.751, 34.016, 0, 0, 45],
		[711, "PAD263_2", 810.9728, -494.0272, "T", "SMD", "VUSB", "", "R", 31.751, 34.016, 0, 0, 45],
		[712, "PAD264_1", 769.0272, -535.9728, "T", "SMD", "USB_D+", "", "R", 31.751, 34.016, 0, 0, 45]
	]
}
}