{
"lengthUnit": "mil",
"remark": [],
"components": {
	"fields": ["COMPONENT_NO", "COMPONENT_NAME", "LAYER", "X_COORDINATE", "Y_COORDINATE", "ANGLE"],
	"rows": [
		[1, "150Ω", "T", -1198.5715, -665, 0],
		[2, " 750Ω", "T", 1180, -925, 90],
		[3, "+5", "T", -1400, 805, 90],
		[4, "КР1921ВГ015", "T", 0, 0, 0],
		[5, "C1", "B", -45, -465, 90],
		[6, "C2", "B", 34.6697, -464.9985, 90],
		[7, "C3", "B", 115, -465, 90],
		[8, "C4", "B", 225, -160, 270],
		[9, "C5", "B", -60, -150, 270],
		[10, "C5", "B", 387.8787, -130.4377, 90],
		[11, "C5", "T", 247.0033, 359.5683, 270],
		[12, "C5", "B", 80.3757, 167.0653, 90],
		[13, "C5", "B", -325, 410, 0],
		[14, "C5", "B", -305, -60, 0],
		[15, "C6", "B", 15, -150, 270],
		[16, "C6", "B", 312.0063, -130.4357, 90],
		[17, "C6", "T", 322.8757, 359.5663, 270],
		[18, "C6", "B", 4.5033, 167.0673, 90],
		[19, "C6", "B", -327.558, 334.1306, 0],
		[20, "C6", "B", -305, -140, 0],
		[21, "C7", "B", -1265, 935, 90],
		[22, "C8", "B", -1265, 775, 270],
		[23, "C9", "T", -940, -730, 0],
		[24, "C10", "T", 70, -481.121, 0],
		[25, "C11", "T", -65, -480, 180],
		[26, "C12", "T", -575, -330, 270],
		[27, "C13", "T", -575, -190, 90],
		[28, "C14", "B", 122.5045, -187.4995, 180],
		[29, "C14", "B", 225, -420, 180],
		[30, "C15", "B", 122.5045, -107.4995, 180],
		[31, "C15", "B", 225, -340, 180],
		[32, "H5", "T", 5, -1360, 180],
		[33, "H8", "T", -575, 755, 0],
		[34, "LED15", "T", -1350, -565, 0],
		[35, "OSC", "T", 0, -625, 180],
		[36, "Port A", "T", -1355, 0, 270],
		[37, "Port B", "T", 0, 1355, 180],
		[38, "Port C", "T", 1360, 0, 90],
		[39, "Power +3.3 V", "T", -940, 1215, 0],
		[40, "Power from USB", "T", 670, -1115, 90],
		[41, "PRENULL1", "T", -1355, -740, 0],
		[42, "PRENULL2", "T", -945, 1040, 0],
		[43, "R1", "T", 460, 260, 0],
		[44, "R2", "T", -940, -650, 180],
		[45, "R3", "T", -940, -575, 0],
		[46, "R4", "T", -65, -405, 180],
		[47, "R 150Ω", "T", -783.5715, 1120, 0],
		[48, "Reset", "T", -875, -1030, 270],
		[49, "RTC", "T", -715, -255, 90],
		[50, "Service EN", "T", 635, 320, 0],
		[51, "USB1", "T", 980, -920, 270],
		[52, "V ADC", "B", 350, 70, 180],
		[53, "VIN", "B", -1035, 805, 180],
		[54, "WKUP", "T", -605, -650, 0],
		[55, "PAD1", "T", 140, -830, 0],
		[56, "PAD1", "B", 140, -830, 0],
		[57, "PAD2", "T", 335, -830, 0],
		[58, "PAD2", "B", 335, -830, 0],
		[59, "PAD3", "T", 1405, 1395, 0],
		[60, "PAD3", "B", 1405, 1395, 0],
		[61, "PAD4", "T", 1405, -1410, 0],
		[62, "PAD4", "B", 1405, -1410, 0],
		[63, "PAD5", "T", -1395, -1410, 0],
		[64, "PAD5", "B", -1395, -1410, 0],
		[65, "PAD6", "T", -1400, 1395, 0],
		[66, "PAD6", "B", -1400, 1395, 0],
		[67, "PAD7", "T", -297.24, -236.22, 0],
		[68, "PAD8", "T", -297.24, -216.54, 0],
		[69, "PAD9", "T", -297.24, -196.85, 0],
		[70, "PAD10", "T", -297.24, -177.17, 0],
		[71, "PAD11", "T", -297.24, -157.48, 0],
		[72, "PAD12", "T", -297.24, -137.8, 0],
		[73, "PAD13", "T", -297.24, -118.11, 0],
		[74, "PAD14", "T", -297.24, -98.43, 0],
		[75, "PAD15", "T", -297.24, -78.74, 0],
		[76, "PAD16", "T", -297.24, -59.06, 0],
		[77, "PAD17", "T", -297.24, -39.37, 0],
		[78, "PAD18", "T", -297.24, -19.68, 0],
		[79, "PAD19", "T", -297.24, 0, 0],
		[80, "PAD20", "T", -297.24, 19.69, 0],
		[81, "PAD21", "T", -297.24, 39.37, 0],
		[82, "PAD22", "T", -297.24, 59.06, 0],
		[83, "PAD23", "T", -297.24, 78.74, 0],
		[84, "PAD24", "T", -297.24, 98.43, 0],
		[85, "PAD25", "T", -297.24, 118.11, 0],
		[86, "PAD26", "T", -297.24, 137.8, 0],
		[87, "PAD27", "T", -297.24, 157.48, 0],
		[88, "PAD28", "T", -297.24, 177.17, 0],
		[89, "PAD29", "T", -297.24, 196.85, 0],
		[90, "PAD30", "T", -297.24, 216.54, 0],
		[91, "PAD31", "T", -297.24, 236.22, 0],
		[92, "PAD32", "T", -236.22, 297.24, 0],
		[93, "PAD33", "T", -216.54, 297.24, 0],
		[94, "PAD34", "T", -196.85, 297.24, 0],
		[95, "PAD35", "T", -177.17, 297.24, 0],
		[96, "PAD36", "T", -157.48, 297.24, 0],
		[97, "PAD37", "T", -137.8, 297.24, 0],
		[98, "PAD38", "T", -118.11, 297.24, 0],
		[99, "PAD39", "T", -98.43, 297.24, 0],
		[100, "PAD40", "T", -78.74, 297.24, 0],
		[101, "PAD41", "T", -59.06, 297.24, 0],
		[102, "PAD42", "T", -39.37, 297.24, 0],
		[103, "PAD43", "T", -19.68, 297.24, 0],
		[104, "PAD44", "T", 0, 297.24, 0],
		[105, "PAD45", "T", 19.69, 297.24, 0],
		[106, "PAD46", "T", 39.37, 297.24, 0],
		[107, "PAD47", "T", 59.06, 297.24, 0],
		[108, "PAD48", "T", 78.74, 297.24, 0],
		[109, "PAD49", "T", 98.43, 297.24, 0],
		[110, "PAD50", "T", 118.11, 297.24, 0],
		[111, "PAD51", "T", 137.8, 297.24, 0],
		[112, "PAD52", "T", 157.48, 297.24, 0],
		[113, "PAD53", "T", 177.17, 297.24, 0],
		[114, "PAD54", "T", 196.85, 297.24, 0],
		[115, "PAD55", "T", 216.54, 297.24, 0],
		[116, "PAD56", "T", 236.22, 297.24, 0],
		[117, "PAD57", "T", 297.24, 236.22, 0],
		[118, "PAD58", "T", 297.24, 216.54, 0],
		[119, "PAD59", "T", 297.24, 196.85, 0],
		[120, "PAD60", "T", 297.24, 177.17, 0],
		[121, "PAD61", "T", 297.24, 157.48, 0],
		[122, "PAD62", "T", 297.24, 137.8, 0],
		[123, "PAD63", "T", 297.24, 118.11, 0],
		[124, "PAD64", "T", 297.24, 98.43, 0],
		[125, "PAD65", "T", 297.24, 78.74, 0],
		[126, "PAD66", "T", 297.24, 59.06, 0],
		[127, "PAD67", "T", 297.24, 39.37, 0],
		[128, "PAD68", "T", 297.24, 19.69, 0],
		[129, "PAD69", "T", 297.24, 0, 0],
		[130, "PAD70", "T", 297.24, -19.68, 0],
		[131, "PAD71", "T", 297.24, -39.37, 0],
		[132, "PAD72", "T", 297.24, -59.06, 0],
		[133, "PAD73", "T", 297.24, -78.74, 0],
		[134, "PAD74", "T", 297.24, -98.43, 0],
		[135, "PAD75", "T", 297.24, -118.11, 0],
		[136, "PAD76", "T", 297.24, -137.8, 0],
		[137, "PAD77", "T", 297.24, -157.48, 0],
		[138, "PAD78", "T", 297.24, -177.17, 0],
		[139, "PAD79", "T", 297.24, -196.85, 0],
		[140, "PAD80", "T", 297.24, -216.54, 0],
		[141, "PAD81", "T", 297.24, -236.22, 0],
		[142, "PAD82", "T", 236.22, -297.24, 0],
		[143, "PAD83", "T", 216.54, -297.24, 0],
		[144, "PAD84", "T", 196.85, -297.24, 0],
		[145, "PAD85", "T", 177.17, -297.24, 0],
		[146, "PAD86", "T", 157.48, -297.24, 0],
		[147, "PAD87", "T", 137.8, -297.24, 0],
		[148, "PAD88", "T", 118.11, -297.24, 0],
		[149, "PAD89", "T", 98.43, -297.24, 0],
		[150, "PAD90", "T", 78.74, -297.24, 0],
		[151, "PAD91", "T", 59.06, -297.24, 0],
		[152, "PAD92", "T", 39.37, -297.24, 0],
		[153, "PAD93", "T", 19.69, -297.24, 0],
		[154, "PAD94", "T", 0, -297.24, 0],
		[155, "PAD95", "T", -19.68, -297.24, 0],
		[156, "PAD96", "T", -39.37, -297.24, 0],
		[157, "PAD97", "T", -59.06, -297.24, 0],
		[158, "PAD98", "T", -78.74, -297.24, 0],
		[159, "PAD99", "T", -98.43, -297.24, 0],
		[160, "PAD100", "T", -118.11, -297.24, 0],
		[161, "PAD101", "T", -137.8, -297.24, 0],
		[162, "PAD102", "T", -157.48, -297.24, 0],
		[163, "PAD103", "T", -177.17, -297.24, 0],
		[164, "PAD104", "T", -196.85, -297.24, 0],
		[165, "PAD105", "T", -216.54, -297.24, 0],
		[166, "PAD106", "T", -236.22, -297.24, 0],
		[167, "PAD107", "T", -786.415, -850.87, 0],
		[168, "PAD108", "T", -963.585, -850.87, 0],
		[169, "PAD109", "B", -45, -437.44, 0],
		[170, "PAD110", "B", -45, -492.56, 0],
		[171, "PAD111", "B", 34.6697, -437.4385, 0],
		[172, "PAD112", "B", 34.6697, -492.5585, 0],
		[173, "PAD113", "B", 115, -437.44, 0],
		[174, "PAD114", "B", 115, -492.56, 0],
		[175, "PAD115", "B", 225, -187.56, 0],
		[176, "PAD116", "B", 225, -132.44, 0],
		[177, "PAD117", "B", -60, -177.56, 0],
		[178, "PAD118", "B", -60, -122.44, 0],
		[179, "PAD119", "B", 15, -177.56, 0],
		[180, "PAD120", "B", 15, -122.44, 0],
		[181, "PAD121", "B", 387.8787, -102.8777, 0],
		[182, "PAD122", "B", 387.8787, -157.9977, 0],
		[183, "PAD123", "B", 312.0063, -102.8757, 0],
		[184, "PAD124", "B", 312.0063, -157.9957, 0],
		[185, "PAD125", "T", 247.0033, 332.0083, 0],
		[186, "PAD126", "T", 247.0033, 387.1283, 0],
		[187, "PAD127", "T", 322.8757, 332.0063, 0],
		[188, "PAD128", "T", 322.8757, 387.1263, 0],
		[189, "PAD129", "B", 80.3757, 194.6253, 0],
		[190, "PAD130", "B", 80.3757, 139.5053, 0],
		[191, "PAD131", "B", 4.5033, 194.6273, 0],
		[192, "PAD132", "B", 4.5033, 139.5073, 0],
		[193, "PAD133", "B", -297.44, 410, 0],
		[194, "PAD134", "B", -352.56, 410, 0],
		[195, "PAD135", "B", -299.998, 334.1306, 0],
		[196, "PAD136", "B", -355.118, 334.1306, 0],
		[197, "PAD137", "B", -277.44, -60, 0],
		[198, "PAD138", "B", -332.56, -60, 0],
		[199, "PAD139", "B", -277.44, -140, 0],
		[200, "PAD140", "B", -332.56, -140, 0],
		[201, "PAD141", "B", -1147.99, 714.45, 0],
		[202, "PAD142", "B", -1147.99, 805, 0],
		[203, "PAD143", "B", -1147.99, 895.55, 0],
		[204, "PAD144", "B", -1265, 962.56, 0],
		[205, "PAD145", "B", -1265, 907.44, 0],
		[206, "PAD146", "B", -1265, 747.44, 0],
		[207, "PAD147", "B", -1265, 802.56, 0],
		[208, "PAD148", "T", 489.66, 260, 0],
		[209, "PAD149", "T", 430.34, 260, 0],
		[210, "PAD150", "T", -969.66, -650, 0],
		[211, "PAD151", "T", -910.34, -650, 0],
		[212, "PAD152", "T", -910.34, -575, 0],
		[213, "PAD153", "T", -969.66, -575, 0],
		[214, "PAD154", "T", -912.44, -730, 0],
		[215, "PAD155", "T", -967.56, -730, 0],
		[216, "PAD156", "T", 96.06, -625, 0],
		[217, "PAD156", "B", 96.06, -625, 0],
		[218, "PAD157", "T", -96.06, -625, 0],
		[219, "PAD157", "B", -96.06, -625, 0],
		[220, "PAD158", "T", -715, -351.06, 0],
		[221, "PAD158", "B", -715, -351.06, 0],
		[222, "PAD159", "T", -715, -158.94, 0],
		[223, "PAD159", "B", -715, -158.94, 0],
		[224, "PAD160", "T", 97.56, -481.121, 0],
		[225, "PAD161", "T", 42.44, -481.121, 0],
		[226, "PAD162", "T", -92.56, -480, 0],
		[227, "PAD163", "T", -37.44, -480, 0],
		[228, "PAD164", "T", -575, -357.56, 0],
		[229, "PAD165", "T", -575, -302.44, 0],
		[230, "PAD166", "T", -575, -162.44, 0],
		[231, "PAD167", "T", -575, -217.56, 0],
		[232, "PAD168", "T", -94.66, -405, 0],
		[233, "PAD169", "T", -35.34, -405, 0],
		[234, "PAD170", "B", 94.9445, -187.4995, 0],
		[235, "PAD171", "B", 150.0645, -187.4995, 0],
		[236, "PAD172", "B", 94.9445, -107.4995, 0],
		[237, "PAD173", "B", 150.0645, -107.4995, 0],
		[238, "PAD174", "T", 1027.245, -782.21, 0],
		[239, "PAD174", "B", 1027.245, -782.21, 0],
		[240, "PAD175", "T", 1027.245, -880.63, 0],
		[241, "PAD175", "B", 1027.245, -880.63, 0],
		[242, "PAD176", "T", 1027.245, -959.37, 0],
		[243, "PAD176", "B", 1027.245, -959.37, 0],
		[244, "PAD177", "T", 1027.245, -1057.8, 0],
		[245, "PAD177", "B", 1027.245, -1057.8, 0],
		[246, "PAD178", "T", -1305, -350, 0],
		[247, "PAD178", "B", -1305, -350, 0],
		[248, "PAD179", "T", -1405, -350, 0],
		[249, "PAD179", "B", -1405, -350, 0],
		[250, "PAD180", "T", -1305, -250, 0],
		[251, "PAD180", "B", -1305, -250, 0],
		[252, "PAD181", "T", -1405, -250, 0],
		[253, "PAD181", "B", -1405, -250, 0],
		[254, "PAD182", "T", -1305, -150, 0],
		[255, "PAD182", "B", -1305, -150, 0],
		[256, "PAD183", "T", -1405, -150, 0],
		[257, "PAD183", "B", -1405, -150, 0],
		[258, "PAD184", "T", -1305, -50, 0],
		[259, "PAD184", "B", -1305, -50, 0],
		[260, "PAD185", "T", -1405, -50, 0],
		[261, "PAD185", "B", -1405, -50, 0],
		[262, "PAD186", "T", -1305, 50, 0],
		[263, "PAD186", "B", -1305, 50, 0],
		[264, "PAD187", "T", -1405, 50, 0],
		[265, "PAD187", "B", -1405, 50, 0],
		[266, "PAD188", "T", -1305, 150, 0],
		[267, "PAD188", "B", -1305, 150, 0],
		[268, "PAD189", "T", -1405, 150, 0],
		[269, "PAD189", "B", -1405, 150, 0],
		[270, "PAD190", "T", -1305, 250, 0],
		[271, "PAD190", "B", -1305, 250, 0],
		[272, "PAD191", "T", -1405, 250, 0],
		[273, "PAD191", "B", -1405, 250, 0],
		[274, "PAD192", "T", -1305, 350, 0],
		[275, "PAD192", "B", -1305, 350, 0],
		[276, "PAD193", "T", -1405, 350, 0],
		[277, "PAD193", "B", -1405, 350, 0],
		[278, "PAD194", "T", -350, 1305, 0],
		[279, "PAD194", "B", -350, 1305, 0],
		[280, "PAD195", "T", -350, 1405, 0],
		[281, "PAD195", "B", -350, 1405, 0],
		[282, "PAD196", "T", -250, 1305, 0],
		[283, "PAD196", "B", -250, 1305, 0],
		[284, "PAD197", "T", -250, 1405, 0],
		[285, "PAD197", "B", -250, 1405, 0],
		[286, "PAD198", "T", -150, 1305, 0],
		[287, "PAD198", "B", -150, 1305, 0],
		[288, "PAD199", "T", -150, 1405, 0],
		[289, "PAD199", "B", -150, 1405, 0],
		[290, "PAD200", "T", -50, 1305, 0],
		[291, "PAD200", "B", -50, 1305, 0],
		[292, "PAD201", "T", -50, 1405, 0],
		[293, "PAD201", "B", -50, 1405, 0],
		[294, "PAD202", "T", 50, 1305, 0],
		[295, "PAD202", "B", 50, 1305, 0],
		[296, "PAD203", "T", 50, 1405, 0],
		[297, "PAD203", "B", 50, 1405, 0],
		[298, "PAD204", "T", 150, 1305, 0],
		[299, "PAD204", "B", 150, 1305, 0],
		[300, "PAD205", "T", 150, 1405, 0],
		[301, "PAD205", "B", 150, 1405, 0],
		[302, "PAD206", "T", 250, 1305, 0],
		[303, "PAD206", "B", 250, 1305, 0],
		[304, "PAD207", "T", 250, 1405, 0],
		[305, "PAD207", "B", 250, 1405, 0],
		[306, "PAD208", "T", 350, 1305, 0],
		[307, "PAD208", "B", 350, 1305, 0],
		[308, "PAD209", "T", 350, 1405, 0],
		[309, "PAD209", "B", 350, 1405, 0],
		[310, "PAD210", "T", 1310, 350, 0],
		[311, "PAD210", "B", 1310, 350, 0],
		[312, "PAD211", "T", 1410, 350, 0],
		[313, "PAD211", "B", 1410, 350, 0],
		[314, "PAD212", "T", 1310, 250, 0],
		[315, "PAD212", "B", 1310, 250, 0],
		[316, "PAD213", "T", 1410, 250, 0],
		[317, "PAD213", "B", 1410, 250, 0],
		[318, "PAD214", "T", 1310, 150, 0],
		[319, "PAD214", "B", 1310, 150, 0],
		[320, "PAD215", "T", 1410, 150, 0],
		[321, "PAD215", "B", 1410, 150, 0],
		[322, "PAD216", "T", 1310, 50, 0],
		[323, "PAD216", "B", 1310, 50, 0],
		[324, "PAD217", "T", 1410, 50, 0],
		[325, "PAD217", "B", 1410, 50, 0],
		[326, "PAD218", "T", 1310, -50, 0],
		[327, "PAD218", "B", 1310, -50, 0],
		[328, "PAD219", "T", 1410, -50, 0],
		[329, "PAD219", "B", 1410, -50, 0],
		[330, "PAD220", "T", 1310, -150, 0],
		[331, "PAD220", "B", 1310, -150, 0],
		[332, "PAD221", "T", 1410, -150, 0],
		[333, "PAD221", "B", 1410, -150, 0],
		[334, "PAD222", "T", 1310, -250, 0],
		[335, "PAD222", "B", 1310, -250, 0],
		[336, "PAD223", "T", 1410, -250, 0],
		[337, "PAD223", "B", 1410, -250, 0],
		[338, "PAD224", "T", 1310, -350, 0],
		[339, "PAD224", "B", 1310, -350, 0],
		[340, "PAD225", "T", 1410, -350, 0],
		[341, "PAD225", "B", 1410, -350, 0],
		[342, "PAD226", "T", -345, -1410, 0],
		[343, "PAD226", "B", -345, -1410, 0],
		[344, "PAD227", "T", -345, -1310, 0],
		[345, "PAD227", "B", -345, -1310, 0],
		[346, "PAD228", "T", -245, -1410, 0],
		[347, "PAD228", "B", -245, -1410, 0],
		[348, "PAD229", "T", -245, -1310, 0],
		[349, "PAD229", "B", -245, -1310, 0],
		[350, "PAD230", "T", -145, -1410, 0],
		[351, "PAD230", "B", -145, -1410, 0],
		[352, "PAD231", "T", -145, -1310, 0],
		[353, "PAD231", "B", -145, -1310, 0],
		[354, "PAD232", "T", -45, -1410, 0],
		[355, "PAD232", "B", -45, -1410, 0],
		[356, "PAD233", "T", -45, -1310, 0],
		[357, "PAD233", "B", -45, -1310, 0],
		[358, "PAD234", "T", 55, -1410, 0],
		[359, "PAD234", "B", 55, -1410, 0],
		[360, "PAD235", "T", 55, -1310, 0],
		[361, "PAD235", "B", 55, -1310, 0],
		[362, "PAD236", "T", 155, -1410, 0],
		[363, "PAD236", "B", 155, -1410, 0],
		[364, "PAD237", "T", 155, -1310, 0],
		[365, "PAD237", "B", 155, -1310, 0],
		[366, "PAD238", "T", 255, -1410, 0],
		[367, "PAD238", "B", 255, -1410, 0],
		[368, "PAD239", "T", 255, -1310, 0],
		[369, "PAD239", "B", 255, -1310, 0],
		[370, "PAD240", "T", 355, -1410, 0],
		[371, "PAD240", "B", 355, -1410, 0],
		[372, "PAD241", "T", 355, -1310, 0],
		[373, "PAD241", "B", 355, -1310, 0],
		[374, "PAD242", "B", 237.01, -20.55, 0],
		[375, "PAD243", "B", 237.01, 70, 0],
		[376, "PAD244", "B", 237.01, 160.55, 0],
		[377, "PAD245", "T", -505, -650, 0],
		[378, "PAD245", "B", -505, -650, 0],
		[379, "PAD246", "T", -605, -650, 0],
		[380, "PAD246", "B", -605, -650, 0],
		[381, "PAD247", "T", -705, -650, 0],
		[382, "PAD247", "B", -705, -650, 0],
		[383, "PAD248", "T", -375, 755, 0],
		[384, "PAD248", "B", -375, 755, 0],
		[385, "PAD249", "T", -475, 755, 0],
		[386, "PAD249", "B", -475, 755, 0],
		[387, "PAD250", "T", -575, 755, 0],
		[388, "PAD250", "B", -575, 755, 0],
		[389, "PAD251", "T", -675, 755, 0],
		[390, "PAD251", "B", -675, 755, 0],
		[391, "PAD252", "T", -775, 755, 0],
		[392, "PAD252", "B", -775, 755, 0],
		[393, "PAD253", "T", -1350, 705, 0],
		[394, "PAD253", "B", -1350, 705, 0],
		[395, "PAD254", "T", -1450, 705, 0],
		[396, "PAD254", "B", -1450, 705, 0],
		[397, "PAD255", "T", -1350, 805, 0],
		[398, "PAD255", "B", -1350, 805, 0],
		[399, "PAD256", "T", -1450, 805, 0],
		[400, "PAD256", "B", -1450, 805, 0],
		[401, "PAD257", "T", -1350, 905, 0],
		[402, "PAD257", "B", -1350, 905, 0],
		[403, "PAD258", "T", -1450, 905, 0],
		[404, "PAD258", "B", -1450, 905, 0],
		[405, "PAD259", "T", 1180, -895.34, 0],
		[406, "PAD260", "T", 1180, -954.66, 0],
		[407, "PAD261", "T", -1400, -565, 0],
		[408, "PAD261", "B", -1400, -565, 0],
		[409, "PAD262", "T", -1300, -565, 0],
		[410, "PAD262", "B", -1300, -565, 0],
		[411, "PAD263", "T", -1168.9115, -665, 0],
		[412, "PAD264", "T", -1228.2315, -665, 0],
		[413, "PAD265", "T", -1321.5, -740, 0],
		[414, "PAD266", "T", -1388.5, -740, 0],
		[415, "PAD267", "T", -990, 1215, 0],
		[416, "PAD267", "B", -990, 1215, 0],
		[417, "PAD268", "T", -890, 1215, 0],
		[418, "PAD268", "B", -890, 1215, 0],
		[419, "PAD269", "T", -911.5, 1040, 0],
		[420, "PAD270", "T", -978.5, 1040, 0],
		[421, "PAD271", "T", -753.9115, 1120, 0],
		[422, "PAD272", "T", -813.2315, 1120, 0],
		[423, "PAD273", "B", 197.44, -420, 0],
		[424, "PAD274", "B", 252.56, -420, 0],
		[425, "PAD275", "B", 197.44, -340, 0],
		[426, "PAD276", "B", 252.56, -340, 0],
		[427, "PAD277", "T", 585, 320, 0],
		[428, "PAD277", "B", 585, 320, 0],
		[429, "PAD278", "T", 685, 320, 0],
		[430, "PAD278", "B", 685, 320, 0],
		[431, "PAD279", "T", 670, -1165, 0],
		[432, "PAD279", "B", 670, -1165, 0],
		[433, "PAD280", "T", 670, -1065, 0],
		[434, "PAD280", "B", 670, -1065, 0]
	]
},
"pins": {
	"fields": ["PIN_NO", "PIN_NAME", "PIN_X", "PIN_Y", "LAYER", "PIN_TYPE", "NET_NAME", "NET_TYPE", "PAD_SHAPE", "PAD_SIZEX", "PAD_SIZEY", "HOLE_SIZE", "HOLE_LEN", "PAD_ANGLE"],
	"rows": [
		[1, "150Ω_1", -1228.2315, -665, "T", "SMD", "$LED15_2", "", "R", 31.751, 34.016, 0, 0, 0],
		[2, "150Ω_2", -1168.9115, -665, "T", "SMD", "GND1", "", "R", 31.751, 34.016, 0, 0, 0],
		[3, " 750Ω_1", 1180, -954.66, "T", "SMD", "USB_D+", "", "R", 31.751, 34.016, 0, 0, 90],
		[4, " 750Ω_2", 1180, -895.34, "T", "SMD", "VUSB", "", "R", 31.751, 34.016, 0, 0, 90],
		[5, "+5_1", -1350, 705, "T", "DIP", "GND1", "", "R", 62.992, 62.992, 41.338, 41.338, 90],
		[6, "+5_1", -1350, 705, "B", "DIP", "GND1", "", "R", 62.992, 62.992, 41.338, 41.338, 90],
		[7, "+5_2", -1450, 705, "T", "DIP", "GND1", "", "C", 62.992, 62.992, 41.338, 41.338, 90],
		[8, "+5_2", -1450, 705, "B", "DIP", "GND1", "", "C", 62.992, 62.992, 41.338, 41.338, 90],
		[9, "+5_3", -1350, 805, "T", "DIP", "VCC1", "", "C", 62.992, 62.992, 41.338, 41.338, 90],
		[10, "+5_3", -1350, 805, "B", "DIP", "VCC1", "", "C", 62.992, 62.992, 41.338, 41.338, 90],
		[11, "+5_4", -1450, 805, "T", "DIP", "VCC1", "", "C", 62.992, 62.992, 41.338, 41.338, 90],
		[12, "+5_4", -1450, 805, "B", "DIP", "VCC1", "", "C", 62.992, 62.992, 41.338, 41.338, 90],
		[13, "+5_5", -1350, 905, "T", "DIP", "VIN", "", "C", 62.992, 62.992, 41.338, 41.338, 90],
		[14, "+5_5", -1350, 905, "B", "DIP", "VIN", "", "C", 62.992, 62.992, 41.338, 41.338, 90],
		[15, "+5_6", -1450, 905, "T", "DIP", "VIN", "", "C", 62.992, 62.992, 41.338, 41.338, 90],
		[16, "+5_6", -1450, 905, "B", "DIP", "VIN", "", "C", 62.992, 62.992, 41.338, 41.338, 90],
		[17, "КР1921ВГ015_1", -236.22, -297.24, "T", "SMD", "AT_IN0", "", "O", 11.811, 62.992, 0, 0, 0],
		[18, "КР1921ВГ015_2", -216.54, -297.24, "T", "SMD", "AT_IN1", "", "O", 11.811, 62.992, 0, 0, 0],
		[19, "КР1921ВГ015_3", -196.85, -297.24, "T", "SMD", "AT_IN2", "", "O", 11.811, 62.992, 0, 0, 0],
		[20, "КР1921ВГ015_4", -177.17, -297.24, "T", "SMD", "AT_OUT", "", "O", 11.811, 62.992, 0, 0, 0],
		[21, "КР1921ВГ015_5", -157.48, -297.24, "T", "SMD", "CNO_INN0", "", "O", 11.811, 62.992, 0, 0, 0],
		[22, "КР1921ВГ015_6", -137.8, -297.24, "T", "SMD", "CNO_INP0", "", "O", 11.811, 62.992, 0, 0, 0],
		[23, "КР1921ВГ015_7", -118.11, -297.24, "T", "SMD", "CNO_INN1", "", "O", 11.811, 62.992, 0, 0, 0],
		[24, "КР1921ВГ015_8", -98.43, -297.24, "T", "SMD", "CNO_INP1", "", "O", 11.811, 62.992, 0, 0, 0],
		[25, "КР1921ВГ015_9", -78.74, -297.24, "T", "SMD", "XI_OSC", "", "O", 11.811, 62.992, 0, 0, 0],
		[26, "КР1921ВГ015_10", -59.06, -297.24, "T", "SMD", "XO_OSC", "", "O", 11.811, 62.992, 0, 0, 0],
		[27, "КР1921ВГ015_11", -39.37, -297.24, "T", "SMD", "GND1", "", "O", 11.811, 62.992, 0, 0, 0],
		[28, "КР1921ВГ015_12", -19.68, -297.24, "T", "SMD", "VCC1", "", "O", 11.811, 62.992, 0, 0, 0],
		[29, "КР1921ВГ015_13", 0, -297.24, "T", "SMD", "13", "", "O", 11.811, 62.992, 0, 0, 0],
		[30, "КР1921ВГ015_14", 19.69, -297.24, "T", "SMD", "V_BAT", "", "O", 11.811, 62.992, 0, 0, 0],
		[31, "КР1921ВГ015_15", 39.37, -297.24, "T", "SMD", "15", "", "O", 11.811, 62.992, 0, 0, 0],
		[32, "КР1921ВГ015_16", 59.06, -297.24, "T", "SMD", "VCC1", "", "O", 11.811, 62.992, 0, 0, 0],
		[33, "КР1921ВГ015_17", 78.74, -297.24, "T", "SMD", "17", "", "O", 11.811, 62.992, 0, 0, 0],
		[34, "КР1921ВГ015_18", 98.43, -297.24, "T", "SMD", "AREF", "", "O", 11.811, 62.992, 0, 0, 0],
		[35, "КР1921ВГ015_19", 118.11, -297.24, "T", "SMD", "VCC2", "", "O", 11.811, 62.992, 0, 0, 0],
		[36, "КР1921ВГ015_20", 137.8, -297.24, "T", "SMD", "GND2", "", "O", 11.811, 62.992, 0, 0, 0],
		[37, "КР1921ВГ015_21", 157.48, -297.24, "T", "SMD", "ADC_CH0", "", "O", 11.811, 62.992, 0, 0, 0],
		[38, "КР1921ВГ015_22", 177.17, -297.24, "T", "SMD", "ADC_CH1", "", "O", 11.811, 62.992, 0, 0, 0],
		[39, "КР1921ВГ015_23", 196.85, -297.24, "T", "SMD", "ADC_CH2", "", "O", 11.811, 62.992, 0, 0, 0],
		[40, "КР1921ВГ015_24", 216.54, -297.24, "T", "SMD", "ADC_CH3", "", "O", 11.811, 62.992, 0, 0, 0],
		[41, "КР1921ВГ015_25", 236.22, -297.24, "T", "SMD", "SDADC_CAP", "", "O", 11.811, 62.992, 0, 0, 0],
		[42, "КР1921ВГ015_26", 297.24, -236.22, "T", "SMD", "ADC_CH4", "", "O", 62.992, 11.811, 0, 0, 0],
		[43, "КР1921ВГ015_27", 297.24, -216.54, "T", "SMD", "ADC_CH5", "", "O", 62.992, 11.811, 0, 0, 0],
		[44, "КР1921ВГ015_28", 297.24, -196.85, "T", "SMD", "ADC_CH6", "", "O", 62.992, 11.811, 0, 0, 0],
		[45, "КР1921ВГ015_29", 297.24, -177.17, "T", "SMD", "ADC_CH7", "", "O", 62.992, 11.811, 0, 0, 0],
		[46, "КР1921ВГ015_30", 297.24, -157.48, "T", "SMD", "USB_D+", "", "O", 62.992, 11.811, 0, 0, 0],
		[47, "КР1921ВГ015_31", 297.24, -137.8, "T", "SMD", "USB_D-", "", "O", 62.992, 11.811, 0, 0, 0],
		[48, "КР1921ВГ015_32", 297.24, -118.11, "T", "SMD", "GND1", "", "O", 62.992, 11.811, 0, 0, 0],
		[49, "КР1921ВГ015_33", 297.24, -98.43, "T", "SMD", "VCC1", "", "O", 62.992, 11.811, 0, 0, 0],
		[50, "КР1921ВГ015_34", 297.24, -78.74, "T", "SMD", "PC0", "", "O", 62.992, 11.811, 0, 0, 0],
		[51, "КР1921ВГ015_35", 297.24, -59.06, "T", "SMD", "PC1", "", "O", 62.992, 11.811, 0, 0, 0],
		[52, "КР1921ВГ015_36", 297.24, -39.37, "T", "SMD", "PC2", "", "O", 62.992, 11.811, 0, 0, 0],
		[53, "КР1921ВГ015_37", 297.24, -19.68, "T", "SMD", "PC3", "", "O", 62.992, 11.811, 0, 0, 0],
		[54, "КР1921ВГ015_38", 297.24, 0, "T", "SMD", "PC4", "", "O", 62.992, 11.811, 0, 0, 0],
		[55, "КР1921ВГ015_39", 297.24, 19.69, "T", "SMD", "PC5", "", "O", 62.992, 11.811, 0, 0, 0],
		[56, "КР1921ВГ015_40", 297.24, 39.37, "T", "SMD", "PC6", "", "O", 62.992, 11.811, 0, 0, 0],
		[57, "КР1921ВГ015_41", 297.24, 59.06, "T", "SMD", "PC7", "", "O", 62.992, 11.811, 0, 0, 0],
		[58, "КР1921ВГ015_42", 297.24, 78.74, "T", "SMD", "PC8", "", "O", 62.992, 11.811, 0, 0, 0],
		[59, "КР1921ВГ015_43", 297.24, 98.43, "T", "SMD", "PC9", "", "O", 62.992, 11.811, 0, 0, 0],
		[60, "КР1921ВГ015_44", 297.24, 118.11, "T", "SMD", "PC10", "", "O", 62.992, 11.811, 0, 0, 0],
		[61, "КР1921ВГ015_45", 297.24, 137.8, "T", "SMD", "PC11", "", "O", 62.992, 11.811, 0, 0, 0],
		[62, "КР1921ВГ015_46", 297.24, 157.48, "T", "SMD", "PC12", "", "O", 62.992, 11.811, 0, 0, 0],
		[63, "КР1921ВГ015_47", 297.24, 177.17, "T", "SMD", "PC13", "", "O", 62.992, 11.811, 0, 0, 0],
		[64, "КР1921ВГ015_48", 297.24, 196.85, "T", "SMD", "PC14", "", "O", 62.992, 11.811, 0, 0, 0],
		[65, "КР1921ВГ015_49", 297.24, 216.54, "T", "SMD", "PC15", "", "O", 62.992, 11.811, 0, 0, 0],
		[66, "КР1921ВГ015_50", 297.24, 236.22, "T", "SMD", "SERV_EN", "", "O", 62.992, 11.811, 0, 0, 0],
		[67, "КР1921ВГ015_51", 236.22, 297.24, "T", "SMD", "VCC1", "", "O", 11.811, 62.992, 0, 0, 0],
		[68, "КР1921ВГ015_52", 216.54, 297.24, "T", "SMD", "GND1", "", "O", 11.811, 62.992, 0, 0, 0],
		[69, "КР1921ВГ015_53", 196.85, 297.24, "T", "SMD", "PB0", "", "O", 11.811, 62.992, 0, 0, 0],
		[70, "КР1921ВГ015_54", 177.17, 297.24, "T", "SMD", "PB1", "", "O", 11.811, 62.992, 0, 0, 0],
		[71, "КР1921ВГ015_55", 157.48, 297.24, "T", "SMD", "PB2", "", "O", 11.811, 62.992, 0, 0, 0],
		[72, "КР1921ВГ015_56", 137.8, 297.24, "T", "SMD", "PB3", "", "O", 11.811, 62.992, 0, 0, 0],
		[73, "КР1921ВГ015_57", 118.11, 297.24, "T", "SMD", "PB4", "", "O", 11.811, 62.992, 0, 0, 0],
		[74, "КР1921ВГ015_58", 98.43, 297.24, "T", "SMD", "PB5", "", "O", 11.811, 62.992, 0, 0, 0],
		[75, "КР1921ВГ015_59", 78.74, 297.24, "T", "SMD", "PB6", "", "O", 11.811, 62.992, 0, 0, 0],
		[76, "КР1921ВГ015_60", 59.06, 297.24, "T", "SMD", "PB7", "", "O", 11.811, 62.992, 0, 0, 0],
		[77, "КР1921ВГ015_61", 39.37, 297.24, "T", "SMD", "VCC1", "", "O", 11.811, 62.992, 0, 0, 0],
		[78, "КР1921ВГ015_62", 19.69, 297.24, "T", "SMD", "PB8", "", "O", 11.811, 62.992, 0, 0, 0],
		[79, "КР1921ВГ015_63", 0, 297.24, "T", "SMD", "PB9", "", "O", 11.811, 62.992, 0, 0, 0],
		[80, "КР1921ВГ015_64", -19.68, 297.24, "T", "SMD", "PB10", "", "O", 11.811, 62.992, 0, 0, 0],
		[81, "КР1921ВГ015_65", -39.37, 297.24, "T", "SMD", "PB11", "", "O", 11.811, 62.992, 0, 0, 0],
		[82, "КР1921ВГ015_66", -59.06, 297.24, "T", "SMD", "PB12", "", "O", 11.811, 62.992, 0, 0, 0],
		[83, "КР1921ВГ015_67", -78.74, 297.24, "T", "SMD", "PB13", "", "O", 11.811, 62.992, 0, 0, 0],
		[84, "КР1921ВГ015_68", -98.43, 297.24, "T", "SMD", "PB14", "", "O", 11.811, 62.992, 0, 0, 0],
		[85, "КР1921ВГ015_69", -118.11, 297.24, "T", "SMD", "PB15", "", "O", 11.811, 62.992, 0, 0, 0],
		[86, "КР1921ВГ015_70", -137.8, 297.24, "T", "SMD", "TMS", "", "O", 11.811, 62.992, 0, 0, 0],
		[87, "КР1921ВГ015_71", -157.48, 297.24, "T", "SMD", "TDO", "", "O", 11.811, 62.992, 0, 0, 0],
		[88, "КР1921ВГ015_72", -177.17, 297.24, "T", "SMD", "TDI", "", "O", 11.811, 62.992, 0, 0, 0],
		[89, "КР1921ВГ015_73", -196.85, 297.24, "T", "SMD", "TCK", "", "O", 11.811, 62.992, 0, 0, 0],
		[90, "КР1921ВГ015_74", -216.54, 297.24, "T", "SMD", "GND1", "", "O", 11.811, 62.992, 0, 0, 0],
		[91, "КР1921ВГ015_75", -236.22, 297.24, "T", "SMD", "VCC1", "", "O", 11.811, 62.992, 0, 0, 0],
		[92, "КР1921ВГ015_76", -297.24, 236.22, "T", "SMD", "TRST", "", "O", 62.992, 11.811, 0, 0, 0],
		[93, "КР1921ВГ015_77", -297.24, 216.54, "T", "SMD", "PA0", "", "O", 62.992, 11.811, 0, 0, 0],
		[94, "КР1921ВГ015_78", -297.24, 196.85, "T", "SMD", "PA1", "", "O", 62.992, 11.811, 0, 0, 0],
		[95, "КР1921ВГ015_79", -297.24, 177.17, "T", "SMD", "PA2", "", "O", 62.992, 11.811, 0, 0, 0],
		[96, "КР1921ВГ015_80", -297.24, 157.48, "T", "SMD", "PA3", "", "O", 62.992, 11.811, 0, 0, 0],
		[97, "КР1921ВГ015_81", -297.24, 137.8, "T", "SMD", "PA4", "", "O", 62.992, 11.811, 0, 0, 0],
		[98, "КР1921ВГ015_82", -297.24, 118.11, "T", "SMD", "PA5", "", "O", 62.992, 11.811, 0, 0, 0],
		[99, "КР1921ВГ015_83", -297.24, 98.43, "T", "SMD", "PA6", "", "O", 62.992, 11.811, 0, 0, 0],
		[100, "КР1921ВГ015_84", -297.24, 78.74, "T", "SMD", "PA7", "", "O", 62.992, 11.811, 0, 0, 0],
		[101, "КР1921ВГ015_85", -297.24, 59.06, "T", "SMD", "PA8", "", "O", 62.992, 11.811, 0, 0, 0],
		[102, "КР1921ВГ015_86", -297.24, 39.37, "T", "SMD", "PA9", "", "O", 62.992, 11.811, 0, 0, 0],
		[103, "КР1921ВГ015_87", -297.24, 19.69, "T", "SMD", "PA10", "", "O", 62.992, 11.811, 0, 0, 0],
		[104, "КР1921ВГ015_88", -297.24, 0, "T", "SMD", "PA11", "", "O", 62.992, 11.811, 0, 0, 0],
		[105, "КР1921ВГ015_89", -297.24, -19.68, "T", "SMD", "PA12", "", "O", 62.992, 11.811, 0, 0, 0],
		[106, "КР1921ВГ015_90", -297.24, -39.37, "T", "SMD", "PA13", "", "O", 62.992, 11.811, 0, 0, 0],
		[107, "КР1921ВГ015_91", -297.24, -59.06, "T", "SMD", "PA14", "", "O", 62.992, 11.811, 0, 0, 0],
		[108, "КР1921ВГ015_92", -297.24, -78.74, "T", "SMD", "PA15", "", "O", 62.992, 11.811, 0, 0, 0],
		[109, "КР1921ВГ015_93", -297.24, -98.43, "T", "SMD", "VCC1", "", "O", 62.992, 11.811, 0, 0, 0],
		[110, "КР1921ВГ015_94", -297.24, -118.11, "T", "SMD", "GND1", "", "O", 62.992, 11.811, 0, 0, 0],
		[111, "КР1921ВГ015_95", -297.24, -137.8, "T", "SMD", "RST", "", "O", 62.992, 11.811, 0, 0, 0],
		[112, "КР1921ВГ015_96", -297.24, -157.48, "T", "SMD", "XO_RTC", "", "O", 62.992, 11.811, 0, 0, 0],
		[113, "КР1921ВГ015_97", -297.24, -177.17, "T", "SMD", "XI_RTC", "", "O", 62.992, 11.811, 0, 0, 0],
		[114, "КР1921ВГ015_98", -297.24, -196.85, "T", "SMD", "WKUP2", "", "O", 62.992, 11.811, 0, 0, 0],
		[115, "КР1921ВГ015_99", -297.24, -216.54, "T", "SMD", "WKUP1", "", "O", 62.992, 11.811, 0, 0, 0],
		[116, "КР1921ВГ015_100", -297.24, -236.22, "T", "SMD", "WKUP0", "", "O", 62.992, 11.811, 0, 0, 0],
		[117, "C1_1", -45, -492.56, "B", "SMD", "GND1", "", "R", 31.496, 35.433, 0, 0, 90],
		[118, "C1_2", -45, -437.44, "B", "SMD", "13", "", "R", 31.496, 35.433, 0, 0, 90],
		[119, "C2_1", 34.6697, -492.5585, "B", "SMD", "GND1", "", "R", 31.496, 35.433, 0, 0, 90],
		[120, "C2_2", 34.6697, -437.4385, "B", "SMD", "15", "", "R", 31.496, 35.433, 0, 0, 90],
		[121, "C3_1", 115, -492.56, "B", "SMD", "GND1", "", "R", 31.496, 35.433, 0, 0, 90],
		[122, "C3_2", 115, -437.44, "B", "SMD", "17", "", "R", 31.496, 35.433, 0, 0, 90],
		[123, "C4_1", 225, -132.44, "B", "SMD", "GND2", "", "R", 31.496, 35.433, 0, 0, 270],
		[124, "C4_2", 225, -187.56, "B", "SMD", "SDADC_CAP", "", "R", 31.496, 35.433, 0, 0, 270],
		[125, "C5_1", -60, -122.44, "B", "SMD", "GND1", "", "R", 31.496, 35.433, 0, 0, 270],
		[126, "C5_2", -60, -177.56, "B", "SMD", "VCC1", "", "R", 31.496, 35.433, 0, 0, 270],
		[127, "C5_1", 387.8787, -157.9977, "B", "SMD", "GND1", "", "R", 31.496, 35.433, 0, 0, 90],
		[128, "C5_2", 387.8787, -102.8777, "B", "SMD", "VCC1", "", "R", 31.496, 35.433, 0, 0, 90],
		[129, "C5_1", 247.0033, 387.1283, "T", "SMD", "GND1", "", "R", 31.496, 35.433, 0, 0, 270],
		[130, "C5_2", 247.0033, 332.0083, "T", "SMD", "VCC1", "", "R", 31.496, 35.433, 0, 0, 270],
		[131, "C5_1", 80.3757, 139.5053, "B", "SMD", "GND1", "", "R", 31.496, 35.433, 0, 0, 90],
		[132, "C5_2", 80.3757, 194.6253, "B", "SMD", "VCC1", "", "R", 31.496, 35.433, 0, 0, 90],
		[133, "C5_1", -352.56, 410, "B", "SMD", "GND1", "", "R", 31.496, 35.433, 0, 0, 0],
		[134, "C5_2", -297.44, 410, "B", "SMD", "VCC1", "", "R", 31.496, 35.433, 0, 0, 0],
		[135, "C5_1", -332.56, -60, "B", "SMD", "GND1", "", "R", 31.496, 35.433, 0, 0, 0],
		[136, "C5_2", -277.44, -60, "B", "SMD", "VCC1", "", "R", 31.496, 35.433, 0, 0, 0],
		[137, "C6_1", 15, -122.44, "B", "SMD", "GND1", "", "R", 31.496, 35.433, 0, 0, 270],
		[138, "C6_2", 15, -177.56, "B", "SMD", "VCC1", "", "R", 31.496, 35.433, 0, 0, 270],
		[139, "C6_1", 312.0063, -157.9957, "B", "SMD", "GND1", "", "R", 31.496, 35.433, 0, 0, 90],
		[140, "C6_2", 312.0063, -102.8757, "B", "SMD", "VCC1", "", "R", 31.496, 35.433, 0, 0, 90],
		[141, "C6_1", 322.8757, 387.1263, "T", "SMD", "GND1", "", "R", 31.496, 35.433, 0, 0, 270],
		[142, "C6_2", 322.8757, 332.0063, "T", "SMD", "VCC1", "", "R", 31.496, 35.433, 0, 0, 270],
		[143, "C6_1", 4.5033, 139.5073, "B", "SMD", "GND1", "", "R", 31.496, 35.433, 0, 0, 90],
		[144, "C6_2", 4.5033, 194.6273, "B", "SMD", "VCC1", "", "R", 31.496, 35.433, 0, 0, 90],
		[145, "C6_1", -355.118, 334.1306, "B", "SMD", "GND1", "", "R", 31.496, 35.433, 0, 0, 0],
		[146, "C6_2", -299.998, 334.1306, "B", "SMD", "VCC1", "", "R", 31.496, 35.433, 0, 0, 0],
		[147, "C6_1", -332.56, -140, "B", "SMD", "GND1", "", "R", 31.496, 35.433, 0, 0, 0],
		[148, "C6_2", -277.44, -140, "B", "SMD", "VCC1", "", "R", 31.496, 35.433, 0, 0, 0],
		[149, "C7_1", -1265, 907.44, "B", "SMD", "VIN", "", "R", 31.496, 35.433, 0, 0, 90],
		[150, "C7_2", -1265, 962.56, "B", "SMD", "GND1", "", "R", 31.496, 35.433, 0, 0, 90],
		[151, "C8_1", -1265, 802.56, "B", "SMD", "VCC1", "", "R", 31.496, 35.433, 0, 0, 270],
		[152, "C8_2", -1265, 747.44, "B", "SMD", "GND1", "", "R", 31.496, 35.433, 0, 0, 270],
		[153, "C9_1", -967.56, -730, "T", "SMD", "RST", "", "R", 31.496, 35.433, 0, 0, 0],
		[154, "C9_2", -912.44, -730, "T", "SMD", "GND1", "", "R", 31.496, 35.433, 0, 0, 0],
		[155, "C10_1", 42.44, -481.121, "T", "SMD", "GND1", "", "R", 31.496, 35.433, 0, 0, 0],
		[156, "C10_2", 97.56, -481.121, "T", "SMD", "XO_OSC", "", "R", 31.496, 35.433, 0, 0, 0],
		[157, "C11_1", -37.44, -480, "T", "SMD", "GND1", "", "R", 31.496, 35.433, 0, 0, 180],
		[158, "C11_2", -92.56, -480, "T", "SMD", "XI_OSC", "", "R", 31.496, 35.433, 0, 0, 180],
		[159, "C12_1", -575, -302.44, "T", "SMD", "GND1", "", "R", 31.496, 35.433, 0, 0, 270],
		[160, "C12_2", -575, -357.56, "T", "SMD", "XI_RTC", "", "R", 31.496, 35.433, 0, 0, 270],
		[161, "C13_1", -575, -217.56, "T", "SMD", "GND1", "", "R", 31.496, 35.433, 0, 0, 90],
		[162, "C13_2", -575, -162.44, "T", "SMD", "XO_RTC", "", "R", 31.496, 35.433, 0, 0, 90],
		[163, "C14_1", 150.0645, -187.4995, "B", "SMD", "GND2", "", "R", 31.496, 35.433, 0, 0, 180],
		[164, "C14_2", 94.9445, -187.4995, "B", "SMD", "AREF", "", "R", 31.496, 35.433, 0, 0, 180],
		[165, "C14_1", 252.56, -420, "B", "SMD", "GND2", "", "R", 31.496, 35.433, 0, 0, 180],
		[166, "C14_2", 197.44, -420, "B", "SMD", "VCC2", "", "R", 31.496, 35.433, 0, 0, 180],
		[167, "C15_1", 150.0645, -107.4995, "B", "SMD", "GND2", "", "R", 31.496, 35.433, 0, 0, 180],
		[168, "C15_2", 94.9445, -107.4995, "B", "SMD", "AREF", "", "R", 31.496, 35.433, 0, 0, 180],
		[169, "C15_1", 252.56, -340, "B", "SMD", "GND2", "", "R", 31.496, 35.433, 0, 0, 180],
		[170, "C15_2", 197.44, -340, "B", "SMD", "VCC2", "", "R", 31.496, 35.433, 0, 0, 180],
		[171, "H5_1", 355, -1310, "T", "DIP", "ADC_CH3", "", "R", 70.866, 70.866, 47.244, 47.244, 180],
		[172, "H5_1", 355, -1310, "B", "DIP", "ADC_CH3", "", "R", 70.866, 70.866, 47.244, 47.244, 180],
		[173, "H5_2", 355, -1410, "T", "DIP", "ADC_CH4", "", "C", 70.866, 70.866, 47.244, 47.244, 180],
		[174, "H5_2", 355, -1410, "B", "DIP", "ADC_CH4", "", "C", 70.866, 70.866, 47.244, 47.244, 180],
		[175, "H5_3", 255, -1310, "T", "DIP", "ADC_CH2", "", "C", 70.866, 70.866, 47.244, 47.244, 180],
		[176, "H5_3", 255, -1310, "B", "DIP", "ADC_CH2", "", "C", 70.866, 70.866, 47.244, 47.244, 180],
		[177, "H5_4", 255, -1410, "T", "DIP", "ADC_CH5", "", "C", 70.866, 70.866, 47.244, 47.244, 180],
		[178, "H5_4", 255, -1410, "B", "DIP", "ADC_CH5", "", "C", 70.866, 70.866, 47.244, 47.244, 180],
		[179, "H5_5", 155, -1310, "T", "DIP", "ADC_CH1", "", "C", 70.866, 70.866, 47.244, 47.244, 180],
		[180, "H5_5", 155, -1310, "B", "DIP", "ADC_CH1", "", "C", 70.866, 70.866, 47.244, 47.244, 180],
		[181, "H5_6", 155, -1410, "T", "DIP", "ADC_CH6", "", "C", 70.866, 70.866, 47.244, 47.244, 180],
		[182, "H5_6", 155, -1410, "B", "DIP", "ADC_CH6", "", "C", 70.866, 70.866, 47.244, 47.244, 180],
		[183, "H5_7", 55, -1310, "T", "DIP", "ADC_CH0", "", "C", 70.866, 70.866, 47.244, 47.244, 180],
		[184, "H5_7", 55, -1310, "B", "DIP", "ADC_CH0", "", "C", 70.866, 70.866, 47.244, 47.244, 180],
		[185, "H5_8", 55, -1410, "T", "DIP", "ADC_CH7", "", "C", 70.866, 70.866, 47.244, 47.244, 180],
		[186, "H5_8", 55, -1410, "B", "DIP", "ADC_CH7", "", "C", 70.866, 70.866, 47.244, 47.244, 180],
		[187, "H5_9", -45, -1310, "T", "DIP", "CNO_INP1", "", "C", 70.866, 70.866, 47.244, 47.244, 180],
		[188, "H5_9", -45, -1310, "B", "DIP", "CNO_INP1", "", "C", 70.866, 70.866, 47.244, 47.244, 180],
		[189, "H5_10", -45, -1410, "T", "DIP", "CNO_INN1", "", "C", 70.866, 70.866, 47.244, 47.244, 180],
		[190, "H5_10", -45, -1410, "B", "DIP", "CNO_INN1", "", "C", 70.866, 70.866, 47.244, 47.244, 180],
		[191, "H5_11", -145, -1310, "T", "DIP", "CNO_INP0", "", "C", 70.866, 70.866, 47.244, 47.244, 180],
		[192, "H5_11", -145, -1310, "B", "DIP", "CNO_INP0", "", "C", 70.866, 70.866, 47.244, 47.244, 180],
		[193, "H5_12", -145, -1410, "T", "DIP", "CNO_INN0", "", "C", 70.866, 70.866, 47.244, 47.244, 180],
		[194, "H5_12", -145, -1410, "B", "DIP", "CNO_INN0", "", "C", 70.866, 70.866, 47.244, 47.244, 180],
		[195, "H5_13", -245, -1310, "T", "DIP", "AT_OUT", "", "C", 70.866, 70.866, 47.244, 47.244, 180],
		[196, "H5_13", -245, -1310, "B", "DIP", "AT_OUT", "", "C", 70.866, 70.866, 47.244, 47.244, 180],
		[197, "H5_14", -245, -1410, "T", "DIP", "AT_IN2", "", "C", 70.866, 70.866, 47.244, 47.244, 180],
		[198, "H5_14", -245, -1410, "B", "DIP", "AT_IN2", "", "C", 70.866, 70.866, 47.244, 47.244, 180],
		[199, "H5_15", -345, -1310, "T", "DIP", "AT_IN1", "", "C", 70.866, 70.866, 47.244, 47.244, 180],
		[200, "H5_15", -345, -1310, "B", "DIP", "AT_IN1", "", "C", 70.866, 70.866, 47.244, 47.244, 180],
		[201, "H5_16", -345, -1410, "T", "DIP", "AT_IN0", "", "C", 70.866, 70.866, 47.244, 47.244, 180],
		[202, "H5_16", -345, -1410, "B", "DIP", "AT_IN0", "", "C", 70.866, 70.866, 47.244, 47.244, 180],
		[203, "H8_1", -775, 755, "T", "DIP", "TRST", "", "R", 62, 62, 40.158, 40.158, 0],
		[204, "H8_1", -775, 755, "B", "DIP", "TRST", "", "R", 62, 62, 40.158, 40.158, 0],
		[205, "H8_2", -675, 755, "T", "DIP", "TCK", "", "C", 62, 62, 40.158, 40.158, 0],
		[206, "H8_2", -675, 755, "B", "DIP", "TCK", "", "C", 62, 62, 40.158, 40.158, 0],
		[207, "H8_3", -575, 755, "T", "DIP", "TDI", "", "C", 62, 62, 40.158, 40.158, 0],
		[208, "H8_3", -575, 755, "B", "DIP", "TDI", "", "C", 62, 62, 40.158, 40.158, 0],
		[209, "H8_4", -475, 755, "T", "DIP", "TDO", "", "C", 62, 62, 40.158, 40.158, 0],
		[210, "H8_4", -475, 755, "B", "DIP", "TDO", "", "C", 62, 62, 40.158, 40.158, 0],
		[211, "H8_5", -375, 755, "T", "DIP", "TMS", "", "C", 62, 62, 40.158, 40.158, 0],
		[212, "H8_5", -375, 755, "B", "DIP", "TMS", "", "C", 62, 62, 40.158, 40.158, 0],
		[213, "LED15_1", -1400, -565, "T", "DIP", "PA15", "", "R", 60, 60, 36, 36, 0],
		[214, "LED15_1", -1400, -565, "B", "DIP", "PA15", "", "R", 60, 60, 36, 36, 0],
		[215, "LED15_2", -1300, -565, "T", "DIP", "$LED15_2", "", "C", 60, 60, 36, 36, 0],
		[216, "LED15_2", -1300, -565, "B", "DIP", "$LED15_2", "", "C", 60, 60, 36, 36, 0],
		[217, "OSC_1", 96.06, -625, "T", "DIP", "XO_OSC", "", "R", 59.055, 59.055, 35.434, 35.434, 180],
		[218, "OSC_1", 96.06, -625, "B", "DIP", "XO_OSC", "", "R", 59.055, 59.055, 35.434, 35.434, 180],
		[219, "OSC_2", -96.06, -625, "T", "DIP", "XI_OSC", "", "C", 59.055, 59.055, 35.434, 35.434, 180],
		[220, "OSC_2", -96.06, -625, "B", "DIP", "XI_OSC", "", "C", 59.055, 59.055, 35.434, 35.434, 180],
		[221, "Port A_1", -1405, 350, "T", "DIP", "PA1", "", "R", 70.866, 70.866, 47.244, 47.244, 270],
		[222, "Port A_1", -1405, 350, "B", "DIP", "PA1", "", "R", 70.866, 70.866, 47.244, 47.244, 270],
		[223, "Port A_2", -1305, 350, "T", "DIP", "PA0", "", "C", 70.866, 70.866, 47.244, 47.244, 270],
		[224, "Port A_2", -1305, 350, "B", "DIP", "PA0", "", "C", 70.866, 70.866, 47.244, 47.244, 270],
		[225, "Port A_3", -1405, 250, "T", "DIP", "PA3", "", "C", 70.866, 70.866, 47.244, 47.244, 270],
		[226, "Port A_3", -1405, 250, "B", "DIP", "PA3", "", "C", 70.866, 70.866, 47.244, 47.244, 270],
		[227, "Port A_4", -1305, 250, "T", "DIP", "PA2", "", "C", 70.866, 70.866, 47.244, 47.244, 270],
		[228, "Port A_4", -1305, 250, "B", "DIP", "PA2", "", "C", 70.866, 70.866, 47.244, 47.244, 270],
		[229, "Port A_5", -1405, 150, "T", "DIP", "PA5", "", "C", 70.866, 70.866, 47.244, 47.244, 270],
		[230, "Port A_5", -1405, 150, "B", "DIP", "PA5", "", "C", 70.866, 70.866, 47.244, 47.244, 270],
		[231, "Port A_6", -1305, 150, "T", "DIP", "PA4", "", "C", 70.866, 70.866, 47.244, 47.244, 270],
		[232, "Port A_6", -1305, 150, "B", "DIP", "PA4", "", "C", 70.866, 70.866, 47.244, 47.244, 270],
		[233, "Port A_7", -1405, 50, "T", "DIP", "PA7", "", "C", 70.866, 70.866, 47.244, 47.244, 270],
		[234, "Port A_7", -1405, 50, "B", "DIP", "PA7", "", "C", 70.866, 70.866, 47.244, 47.244, 270],
		[235, "Port A_8", -1305, 50, "T", "DIP", "PA6", "", "C", 70.866, 70.866, 47.244, 47.244, 270],
		[236, "Port A_8", -1305, 50, "B", "DIP", "PA6", "", "C", 70.866, 70.866, 47.244, 47.244, 270],
		[237, "Port A_9", -1405, -50, "T", "DIP", "PA9", "", "C", 70.866, 70.866, 47.244, 47.244, 270],
		[238, "Port A_9", -1405, -50, "B", "DIP", "PA9", "", "C", 70.866, 70.866, 47.244, 47.244, 270],
		[239, "Port A_10", -1305, -50, "T", "DIP", "PA8", "", "C", 70.866, 70.866, 47.244, 47.244, 270],
		[240, "Port A_10", -1305, -50, "B", "DIP", "PA8", "", "C", 70.866, 70.866, 47.244, 47.244, 270],
		[241, "Port A_11", -1405, -150, "T", "DIP", "PA11", "", "C", 70.866, 70.866, 47.244, 47.244, 270],
		[242, "Port A_11", -1405, -150, "B", "DIP", "PA11", "", "C", 70.866, 70.866, 47.244, 47.244, 270],
		[243, "Port A_12", -1305, -150, "T", "DIP", "PA10", "", "C", 70.866, 70.866, 47.244, 47.244, 270],
		[244, "Port A_12", -1305, -150, "B", "DIP", "PA10", "", "C", 70.866, 70.866, 47.244, 47.244, 270],
		[245, "Port A_13", -1405, -250, "T", "DIP", "PA13", "", "C", 70.866, 70.866, 47.244, 47.244, 270],
		[246, "Port A_13", -1405, -250, "B", "DIP", "PA13", "", "C", 70.866, 70.866, 47.244, 47.244, 270],
		[247, "Port A_14", -1305, -250, "T", "DIP", "PA12", "", "C", 70.866, 70.866, 47.244, 47.244, 270],
		[248, "Port A_14", -1305, -250, "B", "DIP", "PA12", "", "C", 70.866, 70.866, 47.244, 47.244, 270],
		[249, "Port A_15", -1405, -350, "T", "DIP", "PA15", "", "C", 70.866, 70.866, 47.244, 47.244, 270],
		[250, "Port A_15", -1405, -350, "B", "DIP", "PA15", "", "C", 70.866, 70.866, 47.244, 47.244, 270],
		[251, "Port A_16", -1305, -350, "T", "DIP", "PA14", "", "C", 70.866, 70.866, 47.244, 47.244, 270],
		[252, "Port A_16", -1305, -350, "B", "DIP", "PA14", "", "C", 70.866, 70.866, 47.244, 47.244, 270],
		[253, "Port B_1", 350, 1405, "T", "DIP", "PB1", "", "R", 70.866, 70.866, 47.244, 47.244, 180],
		[254, "Port B_1", 350, 1405, "B", "DIP", "PB1", "", "R", 70.866, 70.866, 47.244, 47.244, 180],
		[255, "Port B_2", 350, 1305, "T", "DIP", "PB0", "", "C", 70.866, 70.866, 47.244, 47.244, 180],
		[256, "Port B_2", 350, 1305, "B", "DIP", "PB0", "", "C", 70.866, 70.866, 47.244, 47.244, 180],
		[257, "Port B_3", 250, 1405, "T", "DIP", "PB3", "", "C", 70.866, 70.866, 47.244, 47.244, 180],
		[258, "Port B_3", 250, 1405, "B", "DIP", "PB3", "", "C", 70.866, 70.866, 47.244, 47.244, 180],
		[259, "Port B_4", 250, 1305, "T", "DIP", "PB2", "", "C", 70.866, 70.866, 47.244, 47.244, 180],
		[260, "Port B_4", 250, 1305, "B", "DIP", "PB2", "", "C", 70.866, 70.866, 47.244, 47.244, 180],
		[261, "Port B_5", 150, 1405, "T", "DIP", "PB5", "", "C", 70.866, 70.866, 47.244, 47.244, 180],
		[262, "Port B_5", 150, 1405, "B", "DIP", "PB5", "", "C", 70.866, 70.866, 47.244, 47.244, 180],
		[263, "Port B_6", 150, 1305, "T", "DIP", "PB4", "", "C", 70.866, 70.866, 47.244, 47.244, 180],
		[264, "Port B_6", 150, 1305, "B", "DIP", "PB4", "", "C", 70.866, 70.866, 47.244, 47.244, 180],
		[265, "Port B_7", 50, 1405, "T", "DIP", "PB7", "", "C", 70.866, 70.866, 47.244, 47.244, 180],
		[266, "Port B_7", 50, 1405, "B", "DIP", "PB7", "", "C", 70.866, 70.866, 47.244, 47.244, 180],
		[267, "Port B_8", 50, 1305, "T", "DIP", "PB6", "", "C", 70.866, 70.866, 47.244, 47.244, 180],
		[268, "Port B_8", 50, 1305, "B", "DIP", "PB6", "", "C", 70.866, 70.866, 47.244, 47.244, 180],
		[269, "Port B_9", -50, 1405, "T", "DIP", "PB9", "", "C", 70.866, 70.866, 47.244, 47.244, 180],
		[270, "Port B_9", -50, 1405, "B", "DIP", "PB9", "", "C", 70.866, 70.866, 47.244, 47.244, 180],
		[271, "Port B_10", -50, 1305, "T", "DIP", "PB8", "", "C", 70.866, 70.866, 47.244, 47.244, 180],
		[272, "Port B_10", -50, 1305, "B", "DIP", "PB8", "", "C", 70.866, 70.866, 47.244, 47.244, 180],
		[273, "Port B_11", -150, 1405, "T", "DIP", "PB11", "", "C", 70.866, 70.866, 47.244, 47.244, 180],
		[274, "Port B_11", -150, 1405, "B", "DIP", "PB11", "", "C", 70.866, 70.866, 47.244, 47.244, 180],
		[275, "Port B_12", -150, 1305, "T", "DIP", "PB10", "", "C", 70.866, 70.866, 47.244, 47.244, 180],
		[276, "Port B_12", -150, 1305, "B", "DIP", "PB10", "", "C", 70.866, 70.866, 47.244, 47.244, 180],
		[277, "Port B_13", -250, 1405, "T", "DIP", "PB13", "", "C", 70.866, 70.866, 47.244, 47.244, 180],
		[278, "Port B_13", -250, 1405, "B", "DIP", "PB13", "", "C", 70.866, 70.866, 47.244, 47.244, 180],
		[279, "Port B_14", -250, 1305, "T", "DIP", "PB12", "", "C", 70.866, 70.866, 47.244, 47.244, 180],
		[280, "Port B_14", -250, 1305, "B", "DIP", "PB12", "", "C", 70.866, 70.866, 47.244, 47.244, 180],
		[281, "Port B_15", -350, 1405, "T", "DIP", "PB15", "", "C", 70.866, 70.866, 47.244, 47.244, 180],
		[282, "Port B_15", -350, 1405, "B", "DIP", "PB15", "", "C", 70.866, 70.866, 47.244, 47.244, 180],
		[283, "Port B_16", -350, 1305, "T", "DIP", "PB14", "", "C", 70.866, 70.866, 47.244, 47.244, 180],
		[284, "Port B_16", -350, 1305, "B", "DIP", "PB14", "", "C", 70.866, 70.866, 47.244, 47.244, 180],
		[285, "Port C_1", 1410, -350, "T", "DIP", "PC1", "", "R", 70.866, 70.866, 47.244, 47.244, 90],
		[286, "Port C_1", 1410, -350, "B", "DIP", "PC1", "", "R", 70.866, 70.866, 47.244, 47.244, 90],
		[287, "Port C_2", 1310, -350, "T", "DIP", "PC0", "", "C", 70.866, 70.866, 47.244, 47.244, 90],
		[288, "Port C_2", 1310, -350, "B", "DIP", "PC0", "", "C", 70.866, 70.866, 47.244, 47.244, 90],
		[289, "Port C_3", 1410, -250, "T", "DIP", "PC3", "", "C", 70.866, 70.866, 47.244, 47.244, 90],
		[290, "Port C_3", 1410, -250, "B", "DIP", "PC3", "", "C", 70.866, 70.866, 47.244, 47.244, 90],
		[291, "Port C_4", 1310, -250, "T", "DIP", "PC2", "", "C", 70.866, 70.866, 47.244, 47.244, 90],
		[292, "Port C_4", 1310, -250, "B", "DIP", "PC2", "", "C", 70.866, 70.866, 47.244, 47.244, 90],
		[293, "Port C_5", 1410, -150, "T", "DIP", "PC5", "", "C", 70.866, 70.866, 47.244, 47.244, 90],
		[294, "Port C_5", 1410, -150, "B", "DIP", "PC5", "", "C", 70.866, 70.866, 47.244, 47.244, 90],
		[295, "Port C_6", 1310, -150, "T", "DIP", "PC4", "", "C", 70.866, 70.866, 47.244, 47.244, 90],
		[296, "Port C_6", 1310, -150, "B", "DIP", "PC4", "", "C", 70.866, 70.866, 47.244, 47.244, 90],
		[297, "Port C_7", 1410, -50, "T", "DIP", "PC7", "", "C", 70.866, 70.866, 47.244, 47.244, 90],
		[298, "Port C_7", 1410, -50, "B", "DIP", "PC7", "", "C", 70.866, 70.866, 47.244, 47.244, 90],
		[299, "Port C_8", 1310, -50, "T", "DIP", "PC6", "", "C", 70.866, 70.866, 47.244, 47.244, 90],
		[300, "Port C_8", 1310, -50, "B", "DIP", "PC6", "", "C", 70.866, 70.866, 47.244, 47.244, 90],
		[301, "Port C_9", 1410, 50, "T", "DIP", "PC9", "", "C", 70.866, 70.866, 47.244, 47.244, 90],
		[302, "Port C_9", 1410, 50, "B", "DIP", "PC9", "", "C", 70.866, 70.866, 47.244, 47.244, 90],
		[303, "Port C_10", 1310, 50, "T", "DIP", "PC8", "", "C", 70.866, 70.866, 47.244, 47.244, 90],
		[304, "Port C_10", 1310, 50, "B", "DIP", "PC8", "", "C", 70.866, 70.866, 47.244, 47.244, 90],
		[305, "Port C_11", 1410, 150, "T", "DIP", "PC11", "", "C", 70.866, 70.866, 47.244, 47.244, 90],
		[306, "Port C_11", 1410, 150, "B", "DIP", "PC11", "", "C", 70.866, 70.866, 47.244, 47.244, 90],
		[307, "Port C_12", 1310, 150, "T", "DIP", "PC10", "", "C", 70.866, 70.866, 47.244, 47.244, 90],
		[308, "Port C_12", 1310, 150, "B", "DIP", "PC10", "", "C", 70.866, 70.866, 47.244, 47.244, 90],
		[309, "Port C_13", 1410, 250, "T", "DIP", "PC13", "", "C", 70.866, 70.866, 47.244, 47.244, 90],
		[310, "Port C_13", 1410, 250, "B", "DIP", "PC13", "", "C", 70.866, 70.866, 47.244, 47.244, 90],
		[311, "Port C_14", 1310, 250, "T", "DIP", "PC12", "", "C", 70.866, 70.866, 47.244, 47.244, 90],
		[312, "Port C_14", 1310, 250, "B", "DIP", "PC12", "", "C", 70.866, 70.866, 47.244, 47.244, 90],
		[313, "Port C_15", 1410, 350, "T", "DIP", "PC15", "", "C", 70.866, 70.866, 47.244, 47.244, 90],
		[314, "Port C_15", 1410, 350, "B", "DIP", "PC15", "", "C", 70.866, 70.866, 47.244, 47.244, 90],
		[315, "Port C_16", 1310, 350, "T", "DIP", "PC14", "", "C", 70.866, 70.866, 47.244, 47.244, 90],
		[316, "Port C_16", 1310, 350, "B", "DIP", "PC14", "", "C", 70.866, 70.866, 47.244, 47.244, 90],
		[317, "Power +3.3 V_1", -990, 1215, "T", "DIP", "VCC1", "", "R", 60, 60, 36, 36, 0],
		[318, "Power +3.3 V_1", -990, 1215, "B", "DIP", "VCC1", "", "R", 60, 60, 36, 36, 0],
		[319, "Power +3.3 V_2", -890, 1215, "T", "DIP", "NET_1", "", "C", 60, 60, 36, 36, 0],
		[320, "Power +3.3 V_2", -890, 1215, "B", "DIP", "NET_1", "", "C", 60, 60, 36, 36, 0],
		[321, "Power from USB_1", 670, -1165, "T", "DIP", "VIN", "", "R", 78.74, 78.74, 47.244, 47.244, 90],
		[322, "Power from USB_1", 670, -1165, "B", "DIP", "VIN", "", "R", 78.74, 78.74, 47.244, 47.244, 90],
		[323, "Power from USB_2", 670, -1065, "T", "DIP", "VUSB", "", "C", 78.74, 78.74, 47.244, 47.244, 90],
		[324, "Power from USB_2", 670, -1065, "B", "DIP", "VUSB", "", "C", 78.74, 78.74, 47.244, 47.244, 90],
		[325, "PRENULL1_1", -1321.5, -740, "T", "SMD", "$LED15_2", "", "R", 31.496, 31.496, 0, 0, 90],
		[326, "PRENULL1_2", -1388.5, -740, "T", "SMD", "PA15", "", "R", 31.496, 31.496, 0, 0, 90],
		[327, "PRENULL2_1", -911.5, 1040, "T", "SMD", "NET_1", "", "R", 31.496, 31.496, 0, 0, 90],
		[328, "PRENULL2_2", -978.5, 1040, "T", "SMD", "VCC1", "", "R", 31.496, 31.496, 0, 0, 90],
		[329, "R1_1", 430.34, 260, "T", "SMD", "SERV_EN", "", "R", 31.751, 34.016, 0, 0, 0],
		[330, "R1_2", 489.66, 260, "T", "SMD", "$R1_2", "", "R", 31.751, 34.016, 0, 0, 0],
		[331, "R2_1", -910.34, -650, "T", "SMD", "$R2_1", "", "R", 31.751, 34.016, 0, 0, 180],
		[332, "R2_2", -969.66, -650, "T", "SMD", "RST", "", "R", 31.751, 34.016, 0, 0, 180],
		[333, "R3_1", -969.66, -575, "T", "SMD", "RST", "", "R", 31.751, 34.016, 0, 0, 0],
		[334, "R3_2", -910.34, -575, "T", "SMD", "VCC1", "", "R", 31.751, 34.016, 0, 0, 0],
		[335, "R4_1", -35.34, -405, "T", "SMD", "XO_OSC", "", "R", 31.751, 34.016, 0, 0, 180],
		[336, "R4_2", -94.66, -405, "T", "SMD", "XI_OSC", "", "R", 31.751, 34.016, 0, 0, 180],
		[337, "R 150Ω_1", -813.2315, 1120, "T", "SMD", "NET_1", "", "R", 31.751, 34.016, 0, 0, 0],
		[338, "R 150Ω_2", -753.9115, 1120, "T", "SMD", "GND1", "", "R", 31.751, 34.016, 0, 0, 0],
		[339, "Reset_1", -786.415, -850.87, "T", "SMD", "$R2_1", "", "R", 90.551, 59.055, 0, 0, 270],
		[340, "Reset_2", -786.425, -1209.13, "T", "SMD", "NET_2", "", "R", 90.551, 59.055, 0, 0, 270],
		[341, "Reset_3", -963.585, -850.87, "T", "SMD", "GND1", "", "R", 90.551, 59.055, 0, 0, 270],
		[342, "Reset_4", -963.585, -1209.13, "T", "SMD", "NET_3", "", "R", 90.551, 59.055, 0, 0, 270],
		[343, "RTC_1", -715, -351.06, "T", "DIP", "XI_RTC", "", "R", 59.055, 59.055, 35.434, 35.434, 90],
		[344, "RTC_1", -715, -351.06, "B", "DIP", "XI_RTC", "", "R", 59.055, 59.055, 35.434, 35.434, 90],
		[345, "RTC_2", -715, -158.94, "T", "DIP", "XO_RTC", "", "C", 59.055, 59.055, 35.434, 35.434, 90],
		[346, "RTC_2", -715, -158.94, "B", "DIP", "XO_RTC", "", "C", 59.055, 59.055, 35.434, 35.434, 90],
		[347, "Service EN_1", 585, 320, "T", "DIP", "VCC1", "", "R", 78.74, 78.74, 47.244, 47.244, 0],
		[348, "Service EN_1", 585, 320, "B", "DIP", "VCC1", "", "R", 78.74, 78.74, 47.244, 47.244, 0],
		[349, "Service EN_2", 685, 320, "T", "DIP", "$R1_2", "", "C", 78.74, 78.74, 47.244, 47.244, 0],
		[350, "Service EN_2", 685, 320, "B", "DIP", "$R1_2", "", "C", 78.74, 78.74, 47.244, 47.244, 0],
		[351, "USB1_1", 1027.245, -782.21, "T", "DIP", "VUSB", "", "C", 62.992, 62.992, 39.37, 39.37, 270],
		[352, "USB1_1", 1027.245, -782.21, "B", "DIP", "VUSB", "", "C", 62.992, 62.992, 39.37, 39.37, 270],
		[353, "USB1_2", 1027.245, -880.63, "T", "DIP", "USB_D-", "", "C", 62.992, 62.992, 39.37, 39.37, 270],
		[354, "USB1_2", 1027.245, -880.63, "B", "DIP", "USB_D-", "", "C", 62.992, 62.992, 39.37, 39.37, 270],
		[355, "USB1_3", 1027.245, -959.37, "T", "DIP", "USB_D+", "", "C", 62.992, 62.992, 39.37, 39.37, 270],
		[356, "USB1_3", 1027.245, -959.37, "B", "DIP", "USB_D+", "", "C", 62.992, 62.992, 39.37, 39.37, 270],
		[357, "USB1_4", 1027.245, -1057.8, "T", "DIP", "GND1", "", "C", 62.992, 62.992, 39.37, 39.37, 270],
		[358, "USB1_4", 1027.245, -1057.8, "B", "DIP", "GND1", "", "C", 62.992, 62.992, 39.37, 39.37, 270],
		[359, "USB1_5", 932.755, -1177.87, "T", "DIP", "NET_4", "", "O", 47.244, 102.362, 31.496, 86.614, 270],
		[360, "USB1_5", 932.755, -1177.87, "B", "DIP", "NET_4", "", "O", 47.244, 102.362, 31.496, 86.614, 270],
		[361, "USB1_5", 932.755, -662.13, "T", "DIP", "NET_5", "", "O", 47.244, 102.362, 31.496, 86.614, 270],
		[362, "USB1_5", 932.755, -662.13, "B", "DIP", "NET_5", "", "O", 47.244, 102.362, 31.496, 86.614, 270],
		[363, "V ADC_1", 237.01, -20.55, "B", "SMD", "GND2", "", "R", 92.126, 38.583, 0, 0, 180],
		[364, "V ADC_2", 237.01, 70, "B", "SMD", "AREF", "", "R", 92.126, 38.583, 0, 0, 180],
		[365, "V ADC_3", 237.01, 160.55, "B", "SMD", "VCC2", "", "R", 92.126, 38.583, 0, 0, 180],
		[366, "V ADC_4", 462.99, 70, "B", "SMD", "NET_6", "", "R", 92.126, 141.732, 0, 0, 180],
		[367, "VIN_1", -1147.99, 714.45, "B", "SMD", "GND1", "", "R", 92.126, 38.583, 0, 0, 180],
		[368, "VIN_2", -1147.99, 805, "B", "SMD", "VCC1", "", "R", 92.126, 38.583, 0, 0, 180],
		[369, "VIN_3", -1147.99, 895.55, "B", "SMD", "VIN", "", "R", 92.126, 38.583, 0, 0, 180],
		[370, "VIN_4", -922.01, 805, "B", "SMD", "NET_7", "", "R", 92.126, 141.732, 0, 0, 180],
		[371, "WKUP_1", -705, -650, "T", "DIP", "WKUP2", "", "R", 62, 62, 40.158, 40.158, 0],
		[372, "WKUP_1", -705, -650, "B", "DIP", "WKUP2", "", "R", 62, 62, 40.158, 40.158, 0],
		[373, "WKUP_2", -605, -650, "T", "DIP", "WKUP1", "", "C", 62, 62, 40.158, 40.158, 0],
		[374, "WKUP_2", -605, -650, "B", "DIP", "WKUP1", "", "C", 62, 62, 40.158, 40.158, 0],
		[375, "WKUP_3", -505, -650, "T", "DIP", "WKUP0", "", "C", 62, 62, 40.158, 40.158, 0],
		[376, "WKUP_3", -505, -650, "B", "DIP", "WKUP0", "", "C", 62, 62, 40.158, 40.158, 0],
		[377, "PAD1_1", 140, -830, "T", "DIP", "VCC2", "", "C", 60, 60, 36, 36, 0],
		[378, "PAD1_1", 140, -830, "B", "DIP", "VCC2", "", "C", 60, 60, 36, 36, 0],
		[379, "PAD2_1", 335, -830, "T", "DIP", "GND2", "", "C", 60, 60, 36, 36, 0],
		[380, "PAD2_1", 335, -830, "B", "DIP", "GND2", "", "C", 60, 60, 36, 36, 0],
		[381, "PAD3_1", 1405, 1395, "T", "DIP", "GND1", "", "C", 196.8504, 196.8504, 118.1102, 118.1102, 0],
		[382, "PAD3_1", 1405, 1395, "B", "DIP", "GND1", "", "C", 196.8504, 196.8504, 118.1102, 118.1102, 0],
		[383, "PAD4_1", 1405, -1410, "T", "DIP", "GND1", "", "C", 196.8504, 196.8504, 118.1102, 118.1102, 0],
		[384, "PAD4_1", 1405, -1410, "B", "DIP", "GND1", "", "C", 196.8504, 196.8504, 118.1102, 118.1102, 0],
		[385, "PAD5_1", -1395, -1410, "T", "DIP", "GND1", "", "C", 196.8504, 196.8504, 118.1102, 118.1102, 0],
		[386, "PAD5_1", -1395, -1410, "B", "DIP", "GND1", "", "C", 196.8504, 196.8504, 118.1102, 118.1102, 0],
		[387, "PAD6_1", -1400, 1395, "T", "DIP", "GND1", "", "C", 196.8504, 196.8504, 118.1102, 118.1102, 0],
		[388, "PAD6_1", -1400, 1395, "B", "DIP", "GND1", "", "C", 196.8504, 196.8504, 118.1102, 118.1102, 0],
		[389, "PAD7_100", -297.24, -236.22, "T", "SMD", "WKUP0", "", "O", 62.992, 11.811, 0, 0, 0],
		[390, "PAD8_99", -297.24, -216.54, "T", "SMD", "WKUP1", "", "O", 62.992, 11.811, 0, 0, 0],
		[391, "PAD9_98", -297.24, -196.85, "T", "SMD", "WKUP2", "", "O", 62.992, 11.811, 0, 0, 0],
		[392, "PAD10_97", -297.24, -177.17, "T", "SMD", "XI_RTC", "", "O", 62.992, 11.811, 0, 0, 0],
		[393, "PAD11_96", -297.24, -157.48, "T", "SMD", "XO_RTC", "", "O", 62.992, 11.811, 0, 0, 0],
		[394, "PAD12_95", -297.24, -137.8, "T", "SMD", "RST", "", "O", 62.992, 11.811, 0, 0, 0],
		[395, "PAD13_94", -297.24, -118.11, "T", "SMD", "GND1", "", "O", 62.992, 11.811, 0, 0, 0],
		[396, "PAD14_93", -297.24, -98.43, "T", "SMD", "VCC1", "", "O", 62.992, 11.811, 0, 0, 0],
		[397, "PAD15_92", -297.24, -78.74, "T", "SMD", "PA15", "", "O", 62.992, 11.811, 0, 0, 0],
		[398, "PAD16_91", -297.24, -59.06, "T", "SMD", "PA14", "", "O", 62.992, 11.811, 0, 0, 0],
		[399, "PAD17_90", -297.24, -39.37, "T", "SMD", "PA13", "", "O", 62.992, 11.811, 0, 0, 0],
		[400, "PAD18_89", -297.24, -19.68, "T", "SMD", "PA12", "", "O", 62.992, 11.811, 0, 0, 0],
		[401, "PAD19_88", -297.24, 0, "T", "SMD", "PA11", "", "O", 62.992, 11.811, 0, 0, 0],
		[402, "PAD20_87", -297.24, 19.69, "T", "SMD", "PA10", "", "O", 62.992, 11.811, 0, 0, 0],
		[403, "PAD21_86", -297.24, 39.37, "T", "SMD", "PA9", "", "O", 62.992, 11.811, 0, 0, 0],
		[404, "PAD22_85", -297.24, 59.06, "T", "SMD", "PA8", "", "O", 62.992, 11.811, 0, 0, 0],
		[405, "PAD23_84", -297.24, 78.74, "T", "SMD", "PA7", "", "O", 62.992, 11.811, 0, 0, 0],
		[406, "PAD24_83", -297.24, 98.43, "T", "SMD", "PA6", "", "O", 62.992, 11.811, 0, 0, 0],
		[407, "PAD25_82", -297.24, 118.11, "T", "SMD", "PA5", "", "O", 62.992, 11.811, 0, 0, 0],
		[408, "PAD26_81", -297.24, 137.8, "T", "SMD", "PA4", "", "O", 62.992, 11.811, 0, 0, 0],
		[409, "PAD27_80", -297.24, 157.48, "T", "SMD", "PA3", "", "O", 62.992, 11.811, 0, 0, 0],
		[410, "PAD28_79", -297.24, 177.17, "T", "SMD", "PA2", "", "O", 62.992, 11.811, 0, 0, 0],
		[411, "PAD29_78", -297.24, 196.85, "T", "SMD", "PA1", "", "O", 62.992, 11.811, 0, 0, 0],
		[412, "PAD30_77", -297.24, 216.54, "T", "SMD", "PA0", "", "O", 62.992, 11.811, 0, 0, 0],
		[413, "PAD31_76", -297.24, 236.22, "T", "SMD", "TRST", "", "O", 62.992, 11.811, 0, 0, 0],
		[414, "PAD32_75", -236.22, 297.24, "T", "SMD", "VCC1", "", "O", 11.811, 62.992, 0, 0, 0],
		[415, "PAD33_74", -216.54, 297.24, "T", "SMD", "GND1", "", "O", 11.811, 62.992, 0, 0, 0],
		[416, "PAD34_73", -196.85, 297.24, "T", "SMD", "TCK", "", "O", 11.811, 62.992, 0, 0, 0],
		[417, "PAD35_72", -177.17, 297.24, "T", "SMD", "TDI", "", "O", 11.811, 62.992, 0, 0, 0],
		[418, "PAD36_71", -157.48, 297.24, "T", "SMD", "TDO", "", "O", 11.811, 62.992, 0, 0, 0],
		[419, "PAD37_70", -137.8, 297.24, "T", "SMD", "TMS", "", "O", 11.811, 62.992, 0, 0, 0],
		[420, "PAD38_69", -118.11, 297.24, "T", "SMD", "PB15", "", "O", 11.811, 62.992, 0, 0, 0],
		[421, "PAD39_68", -98.43, 297.24, "T", "SMD", "PB14", "", "O", 11.811, 62.992, 0, 0, 0],
		[422, "PAD40_67", -78.74, 297.24, "T", "SMD", "PB13", "", "O", 11.811, 62.992, 0, 0, 0],
		[423, "PAD41_66", -59.06, 297.24, "T", "SMD", "PB12", "", "O", 11.811, 62.992, 0, 0, 0],
		[424, "PAD42_65", -39.37, 297.24, "T", "SMD", "PB11", "", "O", 11.811, 62.992, 0, 0, 0],
		[425, "PAD43_64", -19.68, 297.24, "T", "SMD", "PB10", "", "O", 11.811, 62.992, 0, 0, 0],
		[426, "PAD44_63", 0, 297.24, "T", "SMD", "PB9", "", "O", 11.811, 62.992, 0, 0, 0],
		[427, "PAD45_62", 19.69, 297.24, "T", "SMD", "PB8", "", "O", 11.811, 62.992, 0, 0, 0],
		[428, "PAD46_61", 39.37, 297.24, "T", "SMD", "VCC1", "", "O", 11.811, 62.992, 0, 0, 0],
		[429, "PAD47_60", 59.06, 297.24, "T", "SMD", "PB7", "", "O", 11.811, 62.992, 0, 0, 0],
		[430, "PAD48_59", 78.74, 297.24, "T", "SMD", "PB6", "", "O", 11.811, 62.992, 0, 0, 0],
		[431, "PAD49_58", 98.43, 297.24, "T", "SMD", "PB5", "", "O", 11.811, 62.992, 0, 0, 0],
		[432, "PAD50_57", 118.11, 297.24, "T", "SMD", "PB4", "", "O", 11.811, 62.992, 0, 0, 0],
		[433, "PAD51_56", 137.8, 297.24, "T", "SMD", "PB3", "", "O", 11.811, 62.992, 0, 0, 0],
		[434, "PAD52_55", 157.48, 297.24, "T", "SMD", "PB2", "", "O", 11.811, 62.992, 0, 0, 0],
		[435, "PAD53_54", 177.17, 297.24, "T", "SMD", "PB1", "", "O", 11.811, 62.992, 0, 0, 0],
		[436, "PAD54_53", 196.85, 297.24, "T", "SMD", "PB0", "", "O", 11.811, 62.992, 0, 0, 0],
		[437, "PAD55_52", 216.54, 297.24, "T", "SMD", "GND1", "", "O", 11.811, 62.992, 0, 0, 0],
		[438, "PAD56_51", 236.22, 297.24, "T", "SMD", "VCC1", "", "O", 11.811, 62.992, 0, 0, 0],
		[439, "PAD57_50", 297.24, 236.22, "T", "SMD", "SERV_EN", "", "O", 62.992, 11.811, 0, 0, 0],
		[440, "PAD58_49", 297.24, 216.54, "T", "SMD", "PC15", "", "O", 62.992, 11.811, 0, 0, 0],
		[441, "PAD59_48", 297.24, 196.85, "T", "SMD", "PC14", "", "O", 62.992, 11.811, 0, 0, 0],
		[442, "PAD60_47", 297.24, 177.17, "T", "SMD", "PC13", "", "O", 62.992, 11.811, 0, 0, 0],
		[443, "PAD61_46", 297.24, 157.48, "T", "SMD", "PC12", "", "O", 62.992, 11.811, 0, 0, 0],
		[444, "PAD62_45", 297.24, 137.8, "T", "SMD", "PC11", "", "O", 62.992, 11.811, 0, 0, 0],
		[445, "PAD63_44", 297.24, 118.11, "T", "SMD", "PC10", "", "O", 62.992, 11.811, 0, 0, 0],
		[446, "PAD64_43", 297.24, 98.43, "T", "SMD", "PC9", "", "O", 62.992, 11.811, 0, 0, 0],
		[447, "PAD65_42", 297.24, 78.74, "T", "SMD", "PC8", "", "O", 62.992, 11.811, 0, 0, 0],
		[448, "PAD66_41", 297.24, 59.06, "T", "SMD", "PC7", "", "O", 62.992, 11.811, 0, 0, 0],
		[449, "PAD67_40", 297.24, 39.37, "T", "SMD", "PC6", "", "O", 62.992, 11.811, 0, 0, 0],
		[450, "PAD68_39", 297.24, 19.69, "T", "SMD", "PC5", "", "O", 62.992, 11.811, 0, 0, 0],
		[451, "PAD69_38", 297.24, 0, "T", "SMD", "PC4", "", "O", 62.992, 11.811, 0, 0, 0],
		[452, "PAD70_37", 297.24, -19.68, "T", "SMD", "PC3", "", "O", 62.992, 11.811, 0, 0, 0],
		[453, "PAD71_36", 297.24, -39.37, "T", "SMD", "PC2", "", "O", 62.992, 11.811, 0, 0, 0],
		[454, "PAD72_35", 297.24, -59.06, "T", "SMD", "PC1", "", "O", 62.992, 11.811, 0, 0, 0],
		[455, "PAD73_34", 297.24, -78.74, "T", "SMD", "PC0", "", "O", 62.992, 11.811, 0, 0, 0],
		[456, "PAD74_33", 297.24, -98.43, "T", "SMD", "VCC1", "", "O", 62.992, 11.811, 0, 0, 0],
		[457, "PAD75_32", 297.24, -118.11, "T", "SMD", "GND1", "", "O", 62.992, 11.811, 0, 0, 0],
		[458, "PAD76_31", 297.24, -137.8, "T", "SMD", "USB_D-", "", "O", 62.992, 11.811, 0, 0, 0],
		[459, "PAD77_30", 297.24, -157.48, "T", "SMD", "USB_D+", "", "O", 62.992, 11.811, 0, 0, 0],
		[460, "PAD78_29", 297.24, -177.17, "T", "SMD", "ADC_CH7", "", "O", 62.992, 11.811, 0, 0, 0],
		[461, "PAD79_28", 297.24, -196.85, "T", "SMD", "ADC_CH6", "", "O", 62.992, 11.811, 0, 0, 0],
		[462, "PAD80_27", 297.24, -216.54, "T", "SMD", "ADC_CH5", "", "O", 62.992, 11.811, 0, 0, 0],
		[463, "PAD81_26", 297.24, -236.22, "T", "SMD", "ADC_CH4", "", "O", 62.992, 11.811, 0, 0, 0],
		[464, "PAD82_25", 236.22, -297.24, "T", "SMD", "SDADC_CAP", "", "O", 11.811, 62.992, 0, 0, 0],
		[465, "PAD83_24", 216.54, -297.24, "T", "SMD", "ADC_CH3", "", "O", 11.811, 62.992, 0, 0, 0],
		[466, "PAD84_23", 196.85, -297.24, "T", "SMD", "ADC_CH2", "", "O", 11.811, 62.992, 0, 0, 0],
		[467, "PAD85_22", 177.17, -297.24, "T", "SMD", "ADC_CH1", "", "O", 11.811, 62.992, 0, 0, 0],
		[468, "PAD86_21", 157.48, -297.24, "T", "SMD", "ADC_CH0", "", "O", 11.811, 62.992, 0, 0, 0],
		[469, "PAD87_20", 137.8, -297.24, "T", "SMD", "GND2", "", "O", 11.811, 62.992, 0, 0, 0],
		[470, "PAD88_19", 118.11, -297.24, "T", "SMD", "VCC2", "", "O", 11.811, 62.992, 0, 0, 0],
		[471, "PAD89_18", 98.43, -297.24, "T", "SMD", "AREF", "", "O", 11.811, 62.992, 0, 0, 0],
		[472, "PAD90_17", 78.74, -297.24, "T", "SMD", "17", "", "O", 11.811, 62.992, 0, 0, 0],
		[473, "PAD91_16", 59.06, -297.24, "T", "SMD", "VCC1", "", "O", 11.811, 62.992, 0, 0, 0],
		[474, "PAD92_15", 39.37, -297.24, "T", "SMD", "15", "", "O", 11.811, 62.992, 0, 0, 0],
		[475, "PAD93_14", 19.69, -297.24, "T", "SMD", "V_BAT", "", "O", 11.811, 62.992, 0, 0, 0],
		[476, "PAD94_13", 0, -297.24, "T", "SMD", "13", "", "O", 11.811, 62.992, 0, 0, 0],
		[477, "PAD95_12", -19.68, -297.24, "T", "SMD", "VCC1", "", "O", 11.811, 62.992, 0, 0, 0],
		[478, "PAD96_11", -39.37, -297.24, "T", "SMD", "GND1", "", "O", 11.811, 62.992, 0, 0, 0],
		[479, "PAD97_10", -59.06, -297.24, "T", "SMD", "XO_OSC", "", "O", 11.811, 62.992, 0, 0, 0],
		[480, "PAD98_9", -78.74, -297.24, "T", "SMD", "XI_OSC", "", "O", 11.811, 62.992, 0, 0, 0],
		[481, "PAD99_8", -98.43, -297.24, "T", "SMD", "CNO_INP1", "", "O", 11.811, 62.992, 0, 0, 0],
		[482, "PAD100_7", -118.11, -297.24, "T", "SMD", "CNO_INN1", "", "O", 11.811, 62.992, 0, 0, 0],
		[483, "PAD101_6", -137.8, -297.24, "T", "SMD", "CNO_INP0", "", "O", 11.811, 62.992, 0, 0, 0],
		[484, "PAD102_5", -157.48, -297.24, "T", "SMD", "CNO_INN0", "", "O", 11.811, 62.992, 0, 0, 0],
		[485, "PAD103_4", -177.17, -297.24, "T", "SMD", "AT_OUT", "", "O", 11.811, 62.992, 0, 0, 0],
		[486, "PAD104_3", -196.85, -297.24, "T", "SMD", "AT_IN2", "", "O", 11.811, 62.992, 0, 0, 0],
		[487, "PAD105_2", -216.54, -297.24, "T", "SMD", "AT_IN1", "", "O", 11.811, 62.992, 0, 0, 0],
		[488, "PAD106_1", -236.22, -297.24, "T", "SMD", "AT_IN0", "", "O", 11.811, 62.992, 0, 0, 0],
		[489, "PAD107_1", -786.415, -850.87, "T", "SMD", "$R2_1", "", "R", 90.551, 59.055, 0, 0, 270],
		[490, "PAD108_3", -963.585, -850.87, "T", "SMD", "GND1", "", "R", 90.551, 59.055, 0, 0, 270],
		[491, "PAD109_2", -45, -437.44, "B", "SMD", "13", "", "R", 31.496, 35.433, 0, 0, 90],
		[492, "PAD110_1", -45, -492.56, "B", "SMD", "GND1", "", "R", 31.496, 35.433, 0, 0, 90],
		[493, "PAD111_2", 34.6697, -437.4385, "B", "SMD", "15", "", "R", 31.496, 35.433, 0, 0, 90],
		[494, "PAD112_1", 34.6697, -492.5585, "B", "SMD", "GND1", "", "R", 31.496, 35.433, 0, 0, 90],
		[495, "PAD113_2", 115, -437.44, "B", "SMD", "17", "", "R", 31.496, 35.433, 0, 0, 90],
		[496, "PAD114_1", 115, -492.56, "B", "SMD", "GND1", "", "R", 31.496, 35.433, 0, 0, 90],
		[497, "PAD115_2", 225, -187.56, "B", "SMD", "SDADC_CAP", "", "R", 31.496, 35.433, 0, 0, 270],
		[498, "PAD116_1", 225, -132.44, "B", "SMD", "GND2", "", "R", 31.496, 35.433, 0, 0, 270],
		[499, "PAD117_2", -60, -177.56, "B", "SMD", "VCC1", "", "R", 31.496, 35.433, 0, 0, 270],
		[500, "PAD118_1", -60, -122.44, "B", "SMD", "GND1", "", "R", 31.496, 35.433, 0, 0, 270],
		[501, "PAD119_2", 15, -177.56, "B", "SMD", "VCC1", "", "R", 31.496, 35.433, 0, 0, 270],
		[502, "PAD120_1", 15, -122.44, "B", "SMD", "GND1", "", "R", 31.496, 35.433, 0, 0, 270],
		[503, "PAD121_2", 387.8787, -102.8777, "B", "SMD", "VCC1", "", "R", 31.496, 35.433, 0, 0, 90],
		[504, "PAD122_1", 387.8787, -157.9977, "B", "SMD", "GND1", "", "R", 31.496, 35.433, 0, 0, 90],
		[505, "PAD123_2", 312.0063, -102.8757, "B", "SMD", "VCC1", "", "R", 31.496, 35.433, 0, 0, 90],
		[506, "PAD124_1", 312.0063, -157.9957, "B", "SMD", "GND1", "", "R", 31.496, 35.433, 0, 0, 90],
		[507, "PAD125_2", 247.0033, 332.0083, "T", "SMD", "VCC1", "", "R", 31.496, 35.433, 0, 0, 270],
		[508, "PAD126_1", 247.0033, 387.1283, "T", "SMD", "GND1", "", "R", 31.496, 35.433, 0, 0, 270],
		[509, "PAD127_2", 322.8757, 332.0063, "T", "SMD", "VCC1", "", "R", 31.496, 35.433, 0, 0, 270],
		[510, "PAD128_1", 322.8757, 387.1263, "T", "SMD", "GND1", "", "R", 31.496, 35.433, 0, 0, 270],
		[511, "PAD129_2", 80.3757, 194.6253, "B", "SMD", "VCC1", "", "R", 31.496, 35.433, 0, 0, 90],
		[512, "PAD130_1", 80.3757, 139.5053, "B", "SMD", "GND1", "", "R", 31.496, 35.433, 0, 0, 90],
		[513, "PAD131_2", 4.5033, 194.6273, "B", "SMD", "VCC1", "", "R", 31.496, 35.433, 0, 0, 90],
		[514, "PAD132_1", 4.5033, 139.5073, "B", "SMD", "GND1", "", "R", 31.496, 35.433, 0, 0, 90],
		[515, "PAD133_2", -297.44, 410, "B", "SMD", "VCC1", "", "R", 31.496, 35.433, 0, 0, 0],
		[516, "PAD134_1", -352.56, 410, "B", "SMD", "GND1", "", "R", 31.496, 35.433, 0, 0, 0],
		[517, "PAD135_2", -299.998, 334.1306, "B", "SMD", "VCC1", "", "R", 31.496, 35.433, 0, 0, 0],
		[518, "PAD136_1", -355.118, 334.1306, "B", "SMD", "GND1", "", "R", 31.496, 35.433, 0, 0, 0],
		[519, "PAD137_2", -277.44, -60, "B", "SMD", "VCC1", "", "R", 31.496, 35.433, 0, 0, 0],
		[520, "PAD138_1", -332.56, -60, "B", "SMD", "GND1", "", "R", 31.496, 35.433, 0, 0, 0],
		[521, "PAD139_2", -277.44, -140, "B", "SMD", "VCC1", "", "R", 31.496, 35.433, 0, 0, 0],
		[522, "PAD140_1", -332.56, -140, "B", "SMD", "GND1", "", "R", 31.496, 35.433, 0, 0, 0],
		[523, "PAD141_1", -1147.99, 714.45, "B", "SMD", "GND1", "", "R", 92.126, 38.583, 0, 0, 180],
		[524, "PAD142_2", -1147.99, 805, "B", "SMD", "VCC1", "", "R", 92.126, 38.583, 0, 0, 180],
		[525, "PAD143_3", -1147.99, 895.55, "B", "SMD", "VIN", "", "R", 92.126, 38.583, 0, 0, 180],
		[526, "PAD144_2", -1265, 962.56, "B", "SMD", "GND1", "", "R", 31.496, 35.433, 0, 0, 90],
		[527, "PAD145_1", -1265, 907.44, "B", "SMD", "VIN", "", "R", 31.496, 35.433, 0, 0, 90],
		[528, "PAD146_2", -1265, 747.44, "B", "SMD", "GND1", "", "R", 31.496, 35.433, 0, 0, 270],
		[529, "PAD147_1", -1265, 802.56, "B", "SMD", "VCC1", "", "R", 31.496, 35.433, 0, 0, 270],
		[530, "PAD148_2", 489.66, 260, "T", "SMD", "$R1_2", "", "R", 31.751, 34.016, 0, 0, 0],
		[531, "PAD149_1", 430.34, 260, "T", "SMD", "SERV_EN", "", "R", 31.751, 34.016, 0, 0, 0],
		[532, "PAD150_2", -969.66, -650, "T", "SMD", "RST", "", "R", 31.751, 34.016, 0, 0, 180],
		[533, "PAD151_1", -910.34, -650, "T", "SMD", "$R2_1", "", "R", 31.751, 34.016, 0, 0, 180],
		[534, "PAD152_2", -910.34, -575, "T", "SMD", "VCC1", "", "R", 31.751, 34.016, 0, 0, 0],
		[535, "PAD153_1", -969.66, -575, "T", "SMD", "RST", "", "R", 31.751, 34.016, 0, 0, 0],
		[536, "PAD154_2", -912.44, -730, "T", "SMD", "GND1", "", "R", 31.496, 35.433, 0, 0, 0],
		[537, "PAD155_1", -967.56, -730, "T", "SMD", "RST", "", "R", 31.496, 35.433, 0, 0, 0],
		[538, "PAD156_1", 96.06, -625, "T", "DIP", "XO_OSC", "", "R", 59.055, 59.055, 35.434, 35.434, 180],
		[539, "PAD156_1", 96.06, -625, "B", "DIP", "XO_OSC", "", "R", 59.055, 59.055, 35.434, 35.434, 180],
		[540, "PAD157_2", -96.06, -625, "T", "DIP", "XI_OSC", "", "C", 59.055, 59.055, 35.434, 35.434, 180],
		[541, "PAD157_2", -96.06, -625, "B", "DIP", "XI_OSC", "", "C", 59.055, 59.055, 35.434, 35.434, 180],
		[542, "PAD158_1", -715, -351.06, "T", "DIP", "XI_RTC", "", "R", 59.055, 59.055, 35.434, 35.434, 90],
		[543, "PAD158_1", -715, -351.06, "B", "DIP", "XI_RTC", "", "R", 59.055, 59.055, 35.434, 35.434, 90],
		[544, "PAD159_2", -715, -158.94, "T", "DIP", "XO_RTC", "", "C", 59.055, 59.055, 35.434, 35.434, 90],
		[545, "PAD159_2", -715, -158.94, "B", "DIP", "XO_RTC", "", "C", 59.055, 59.055, 35.434, 35.434, 90],
		[546, "PAD160_2", 97.56, -481.121, "T", "SMD", "XO_OSC", "", "R", 31.496, 35.433, 0, 0, 0],
		[547, "PAD161_1", 42.44, -481.121, "T", "SMD", "GND1", "", "R", 31.496, 35.433, 0, 0, 0],
		[548, "PAD162_2", -92.56, -480, "T", "SMD", "XI_OSC", "", "R", 31.496, 35.433, 0, 0, 180],
		[549, "PAD163_1", -37.44, -480, "T", "SMD", "GND1", "", "R", 31.496, 35.433, 0, 0, 180],
		[550, "PAD164_2", -575, -357.56, "T", "SMD", "XI_RTC", "", "R", 31.496, 35.433, 0, 0, 270],
		[551, "PAD165_1", -575, -302.44, "T", "SMD", "GND1", "", "R", 31.496, 35.433, 0, 0, 270],
		[552, "PAD166_2", -575, -162.44, "T", "SMD", "XO_RTC", "", "R", 31.496, 35.433, 0, 0, 90],
		[553, "PAD167_1", -575, -217.56, "T", "SMD", "GND1", "", "R", 31.496, 35.433, 0, 0, 90],
		[554, "PAD168_2", -94.66, -405, "T", "SMD", "XI_OSC", "", "R", 31.751, 34.016, 0, 0, 180],
		[555, "PAD169_1", -35.34, -405, "T", "SMD", "XO_OSC", "", "R", 31.751, 34.016, 0, 0, 180],
		[556, "PAD170_2", 94.9445, -187.4995, "B", "SMD", "AREF", "", "R", 31.496, 35.433, 0, 0, 180],
		[557, "PAD171_1", 150.0645, -187.4995, "B", "SMD", "GND2", "", "R", 31.496, 35.433, 0, 0, 180],
		[558, "PAD172_2", 94.9445, -107.4995, "B", "SMD", "AREF", "", "R", 31.496, 35.433, 0, 0, 180],
		[559, "PAD173_1", 150.0645, -107.4995, "B", "SMD", "GND2", "", "R", 31.496, 35.433, 0, 0, 180],
		[560, "PAD174_1", 1027.245, -782.21, "T", "DIP", "VUSB", "", "C", 62.992, 62.992, 39.37, 39.37, 270],
		[561, "PAD174_1", 1027.245, -782.21, "B", "DIP", "VUSB", "", "C", 62.992, 62.992, 39.37, 39.37, 270],
		[562, "PAD175_2", 1027.245, -880.63, "T", "DIP", "USB_D-", "", "C", 62.992, 62.992, 39.37, 39.37, 270],
		[563, "PAD175_2", 1027.245, -880.63, "B", "DIP", "USB_D-", "", "C", 62.992, 62.992, 39.37, 39.37, 270],
		[564, "PAD176_3", 1027.245, -959.37, "T", "DIP", "USB_D+", "", "C", 62.992, 62.992, 39.37, 39.37, 270],
		[565, "PAD176_3", 1027.245, -959.37, "B", "DIP", "USB_D+", "", "C", 62.992, 62.992, 39.37, 39.37, 270],
		[566, "PAD177_4", 1027.245, -1057.8, "T", "DIP", "GND1", "", "C", 62.992, 62.992, 39.37, 39.37, 270],
		[567, "PAD177_4", 1027.245, -1057.8, "B", "DIP", "GND1", "", "C", 62.992, 62.992, 39.37, 39.37, 270],
		[568, "PAD178_16", -1305, -350, "T", "DIP", "PA14", "", "C", 70.866, 70.866, 47.244, 47.244, 270],
		[569, "PAD178_16", -1305, -350, "B", "DIP", "PA14", "", "C", 70.866, 70.866, 47.244, 47.244, 270],
		[570, "PAD179_15", -1405, -350, "T", "DIP", "PA15", "", "C", 70.866, 70.866, 47.244, 47.244, 270],
		[571, "PAD179_15", -1405, -350, "B", "DIP", "PA15", "", "C", 70.866, 70.866, 47.244, 47.244, 270],
		[572, "PAD180_14", -1305, -250, "T", "DIP", "PA12", "", "C", 70.866, 70.866, 47.244, 47.244, 270],
		[573, "PAD180_14", -1305, -250, "B", "DIP", "PA12", "", "C", 70.866, 70.866, 47.244, 47.244, 270],
		[574, "PAD181_13", -1405, -250, "T", "DIP", "PA13", "", "C", 70.866, 70.866, 47.244, 47.244, 270],
		[575, "PAD181_13", -1405, -250, "B", "DIP", "PA13", "", "C", 70.866, 70.866, 47.244, 47.244, 270],
		[576, "PAD182_12", -1305, -150, "T", "DIP", "PA10", "", "C", 70.866, 70.866, 47.244, 47.244, 270],
		[577, "PAD182_12", -1305, -150, "B", "DIP", "PA10", "", "C", 70.866, 70.866, 47.244, 47.244, 270],
		[578, "PAD183_11", -1405, -150, "T", "DIP", "PA11", "", "C", 70.866, 70.866, 47.244, 47.244, 270],
		[579, "PAD183_11", -1405, -150, "B", "DIP", "PA11", "", "C", 70.866, 70.866, 47.244, 47.244, 270],
		[580, "PAD184_10", -1305, -50, "T", "DIP", "PA8", "", "C", 70.866, 70.866, 47.244, 47.244, 270],
		[581, "PAD184_10", -1305, -50, "B", "DIP", "PA8", "", "C", 70.866, 70.866, 47.244, 47.244, 270],
		[582, "PAD185_9", -1405, -50, "T", "DIP", "PA9", "", "C", 70.866, 70.866, 47.244, 47.244, 270],
		[583, "PAD185_9", -1405, -50, "B", "DIP", "PA9", "", "C", 70.866, 70.866, 47.244, 47.244, 270],
		[584, "PAD186_8", -1305, 50, "T", "DIP", "PA6", "", "C", 70.866, 70.866, 47.244, 47.244, 270],
		[585, "PAD186_8", -1305, 50, "B", "DIP", "PA6", "", "C", 70.866, 70.866, 47.244, 47.244, 270],
		[586, "PAD187_7", -1405, 50, "T", "DIP", "PA7", "", "C", 70.866, 70.866, 47.244, 47.244, 270],
		[587, "PAD187_7", -1405, 50, "B", "DIP", "PA7", "", "C", 70.866, 70.866, 47.244, 47.244, 270],
		[588, "PAD188_6", -1305, 150, "T", "DIP", "PA4", "", "C", 70.866, 70.866, 47.244, 47.244, 270],
		[589, "PAD188_6", -1305, 150, "B", "DIP", "PA4", "", "C", 70.866, 70.866, 47.244, 47.244, 270],
		[590, "PAD189_5", -1405, 150, "T", "DIP", "PA5", "", "C", 70.866, 70.866, 47.244, 47.244, 270],
		[591, "PAD189_5", -1405, 150, "B", "DIP", "PA5", "", "C", 70.866, 70.866, 47.244, 47.244, 270],
		[592, "PAD190_4", -1305, 250, "T", "DIP", "PA2", "", "C", 70.866, 70.866, 47.244, 47.244, 270],
		[593, "PAD190_4", -1305, 250, "B", "DIP", "PA2", "", "C", 70.866, 70.866, 47.244, 47.244, 270],
		[594, "PAD191_3", -1405, 250, "T", "DIP", "PA3", "", "C", 70.866, 70.866, 47.244, 47.244, 270],
		[595, "PAD191_3", -1405, 250, "B", "DIP", "PA3", "", "C", 70.866, 70.866, 47.244, 47.244, 270],
		[596, "PAD192_2", -1305, 350, "T", "DIP", "PA0", "", "C", 70.866, 70.866, 47.244, 47.244, 270],
		[597, "PAD192_2", -1305, 350, "B", "DIP", "PA0", "", "C", 70.866, 70.866, 47.244, 47.244, 270],
		[598, "PAD193_1", -1405, 350, "T", "DIP", "PA1", "", "R", 70.866, 70.866, 47.244, 47.244, 270],
		[599, "PAD193_1", -1405, 350, "B", "DIP", "PA1", "", "R", 70.866, 70.866, 47.244, 47.244, 270],
		[600, "PAD194_16", -350, 1305, "T", "DIP", "PB14", "", "C", 70.866, 70.866, 47.244, 47.244, 180],
		[601, "PAD194_16", -350, 1305, "B", "DIP", "PB14", "", "C", 70.866, 70.866, 47.244, 47.244, 180],
		[602, "PAD195_15", -350, 1405, "T", "DIP", "PB15", "", "C", 70.866, 70.866, 47.244, 47.244, 180],
		[603, "PAD195_15", -350, 1405, "B", "DIP", "PB15", "", "C", 70.866, 70.866, 47.244, 47.244, 180],
		[604, "PAD196_14", -250, 1305, "T", "DIP", "PB12", "", "C", 70.866, 70.866, 47.244, 47.244, 180],
		[605, "PAD196_14", -250, 1305, "B", "DIP", "PB12", "", "C", 70.866, 70.866, 47.244, 47.244, 180],
		[606, "PAD197_13", -250, 1405, "T", "DIP", "PB13", "", "C", 70.866, 70.866, 47.244, 47.244, 180],
		[607, "PAD197_13", -250, 1405, "B", "DIP", "PB13", "", "C", 70.866, 70.866, 47.244, 47.244, 180],
		[608, "PAD198_12", -150, 1305, "T", "DIP", "PB10", "", "C", 70.866, 70.866, 47.244, 47.244, 180],
		[609, "PAD198_12", -150, 1305, "B", "DIP", "PB10", "", "C", 70.866, 70.866, 47.244, 47.244, 180],
		[610, "PAD199_11", -150, 1405, "T", "DIP", "PB11", "", "C", 70.866, 70.866, 47.244, 47.244, 180],
		[611, "PAD199_11", -150, 1405, "B", "DIP", "PB11", "", "C", 70.866, 70.866, 47.244, 47.244, 180],
		[612, "PAD200_10", -50, 1305, "T", "DIP", "PB8", "", "C", 70.866, 70.866, 47.244, 47.244, 180],
		[613, "PAD200_10", -50, 1305, "B", "DIP", "PB8", "", "C", 70.866, 70.866, 47.244, 47.244, 180],
		[614, "PAD201_9", -50, 1405, "T", "DIP", "PB9", "", "C", 70.866, 70.866, 47.244, 47.244, 180],
		[615, "PAD201_9", -50, 1405, "B", "DIP", "PB9", "", "C", 70.866, 70.866, 47.244, 47.244, 180],
		[616, "PAD202_8", 50, 1305, "T", "DIP", "PB6", "", "C", 70.866, 70.866, 47.244, 47.244, 180],
		[617, "PAD202_8", 50, 1305, "B", "DIP", "PB6", "", "C", 70.866, 70.866, 47.244, 47.244, 180],
		[618, "PAD203_7", 50, 1405, "T", "DIP", "PB7", "", "C", 70.866, 70.866, 47.244, 47.244, 180],
		[619, "PAD203_7", 50, 1405, "B", "DIP", "PB7", "", "C", 70.866, 70.866, 47.244, 47.244, 180],
		[620, "PAD204_6", 150, 1305, "T", "DIP", "PB4", "", "C", 70.866, 70.866, 47.244, 47.244, 180],
		[621, "PAD204_6", 150, 1305, "B", "DIP", "PB4", "", "C", 70.866, 70.866, 47.244, 47.244, 180],
		[622, "PAD205_5", 150, 1405, "T", "DIP", "PB5", "", "C", 70.866, 70.866, 47.244, 47.244, 180],
		[623, "PAD205_5", 150, 1405, "B", "DIP", "PB5", "", "C", 70.866, 70.866, 47.244, 47.244, 180],
		[624, "PAD206_4", 250, 1305, "T", "DIP", "PB2", "", "C", 70.866, 70.866, 47.244, 47.244, 180],
		[625, "PAD206_4", 250, 1305, "B", "DIP", "PB2", "", "C", 70.866, 70.866, 47.244, 47.244, 180],
		[626, "PAD207_3", 250, 1405, "T", "DIP", "PB3", "", "C", 70.866, 70.866, 47.244, 47.244, 180],
		[627, "PAD207_3", 250, 1405, "B", "DIP", "PB3", "", "C", 70.866, 70.866, 47.244, 47.244, 180],
		[628, "PAD208_2", 350, 1305, "T", "DIP", "PB0", "", "C", 70.866, 70.866, 47.244, 47.244, 180],
		[629, "PAD208_2", 350, 1305, "B", "DIP", "PB0", "", "C", 70.866, 70.866, 47.244, 47.244, 180],
		[630, "PAD209_1", 350, 1405, "T", "DIP", "PB1", "", "R", 70.866, 70.866, 47.244, 47.244, 180],
		[631, "PAD209_1", 350, 1405, "B", "DIP", "PB1", "", "R", 70.866, 70.866, 47.244, 47.244, 180],
		[632, "PAD210_16", 1310, 350, "T", "DIP", "PC14", "", "C", 70.866, 70.866, 47.244, 47.244, 90],
		[633, "PAD210_16", 1310, 350, "B", "DIP", "PC14", "", "C", 70.866, 70.866, 47.244, 47.244, 90],
		[634, "PAD211_15", 1410, 350, "T", "DIP", "PC15", "", "C", 70.866, 70.866, 47.244, 47.244, 90],
		[635, "PAD211_15", 1410, 350, "B", "DIP", "PC15", "", "C", 70.866, 70.866, 47.244, 47.244, 90],
		[636, "PAD212_14", 1310, 250, "T", "DIP", "PC12", "", "C", 70.866, 70.866, 47.244, 47.244, 90],
		[637, "PAD212_14", 1310, 250, "B", "DIP", "PC12", "", "C", 70.866, 70.866, 47.244, 47.244, 90],
		[638, "PAD213_13", 1410, 250, "T", "DIP", "PC13", "", "C", 70.866, 70.866, 47.244, 47.244, 90],
		[639, "PAD213_13", 1410, 250, "B", "DIP", "PC13", "", "C", 70.866, 70.866, 47.244, 47.244, 90],
		[640, "PAD214_12", 1310, 150, "T", "DIP", "PC10", "", "C", 70.866, 70.866, 47.244, 47.244, 90],
		[641, "PAD214_12", 1310, 150, "B", "DIP", "PC10", "", "C", 70.866, 70.866, 47.244, 47.244, 90],
		[642, "PAD215_11", 1410, 150, "T", "DIP", "PC11", "", "C", 70.866, 70.866, 47.244, 47.244, 90],
		[643, "PAD215_11", 1410, 150, "B", "DIP", "PC11", "", "C", 70.866, 70.866, 47.244, 47.244, 90],
		[644, "PAD216_10", 1310, 50, "T", "DIP", "PC8", "", "C", 70.866, 70.866, 47.244, 47.244, 90],
		[645, "PAD216_10", 1310, 50, "B", "DIP", "PC8", "", "C", 70.866, 70.866, 47.244, 47.244, 90],
		[646, "PAD217_9", 1410, 50, "T", "DIP", "PC9", "", "C", 70.866, 70.866, 47.244, 47.244, 90],
		[647, "PAD217_9", 1410, 50, "B", "DIP", "PC9", "", "C", 70.866, 70.866, 47.244, 47.244, 90],
		[648, "PAD218_8", 1310, -50, "T", "DIP", "PC6", "", "C", 70.866, 70.866, 47.244, 47.244, 90],
		[649, "PAD218_8", 1310, -50, "B", "DIP", "PC6", "", "C", 70.866, 70.866, 47.244, 47.244, 90],
		[650, "PAD219_7", 1410, -50, "T", "DIP", "PC7", "", "C", 70.866, 70.866, 47.244, 47.244, 90],
		[651, "PAD219_7", 1410, -50, "B", "DIP", "PC7", "", "C", 70.866, 70.866, 47.244, 47.244, 90],
		[652, "PAD220_6", 1310, -150, "T", "DIP", "PC4", "", "C", 70.866, 70.866, 47.244, 47.244, 90],
		[653, "PAD220_6", 1310, -150, "B", "DIP", "PC4", "", "C", 70.866, 70.866, 47.244, 47.244, 90],
		[654, "PAD221_5", 1410, -150, "T", "DIP", "PC5", "", "C", 70.866, 70.866, 47.244, 47.244, 90],
		[655, "PAD221_5", 1410, -150, "B", "DIP", "PC5", "", "C", 70.866, 70.866, 47.244, 47.244, 90],
		[656, "PAD222_4", 1310, -250, "T", "DIP", "PC2", "", "C", 70.866, 70.866, 47.244, 47.244, 90],
		[657, "PAD222_4", 1310, -250, "B", "DIP", "PC2", "", "C", 70.866, 70.866, 47.244, 47.244, 90],
		[658, "PAD223_3", 1410, -250, "T", "DIP", "PC3", "", "C", 70.866, 70.866, 47.244, 47.244, 90],
		[659, "PAD223_3", 1410, -250, "B", "DIP", "PC3", "", "C", 70.866, 70.866, 47.244, 47.244, 90],
		[660, "PAD224_2", 1310, -350, "T", "DIP", "PC0", "", "C", 70.866, 70.866, 47.244, 47.244, 90],
		[661, "PAD224_2", 1310, -350, "B", "DIP", "PC0", "", "C", 70.866, 70.866, 47.244, 47.244, 90],
		[662, "PAD225_1", 1410, -350, "T", "DIP", "PC1", "", "R", 70.866, 70.866, 47.244, 47.244, 90],
		[663, "PAD225_1", 1410, -350, "B", "DIP", "PC1", "", "R", 70.866, 70.866, 47.244, 47.244, 90],
		[664, "PAD226_16", -345, -1410, "T", "DIP", "AT_IN0", "", "C", 70.866, 70.866, 47.244, 47.244, 180],
		[665, "PAD226_16", -345, -1410, "B", "DIP", "AT_IN0", "", "C", 70.866, 70.866, 47.244, 47.244, 180],
		[666, "PAD227_15", -345, -1310, "T", "DIP", "AT_IN1", "", "C", 70.866, 70.866, 47.244, 47.244, 180],
		[667, "PAD227_15", -345, -1310, "B", "DIP", "AT_IN1", "", "C", 70.866, 70.866, 47.244, 47.244, 180],
		[668, "PAD228_14", -245, -1410, "T", "DIP", "AT_IN2", "", "C", 70.866, 70.866, 47.244, 47.244, 180],
		[669, "PAD228_14", -245, -1410, "B", "DIP", "AT_IN2", "", "C", 70.866, 70.866, 47.244, 47.244, 180],
		[670, "PAD229_13", -245, -1310, "T", "DIP", "AT_OUT", "", "C", 70.866, 70.866, 47.244, 47.244, 180],
		[671, "PAD229_13", -245, -1310, "B", "DIP", "AT_OUT", "", "C", 70.866, 70.866, 47.244, 47.244, 180],
		[672, "PAD230_12", -145, -1410, "T", "DIP", "CNO_INN0", "", "C", 70.866, 70.866, 47.244, 47.244, 180],
		[673, "PAD230_12", -145, -1410, "B", "DIP", "CNO_INN0", "", "C", 70.866, 70.866, 47.244, 47.244, 180],
		[674, "PAD231_11", -145, -1310, "T", "DIP", "CNO_INP0", "", "C", 70.866, 70.866, 47.244, 47.244, 180],
		[675, "PAD231_11", -145, -1310, "B", "DIP", "CNO_INP0", "", "C", 70.866, 70.866, 47.244, 47.244, 180],
		[676, "PAD232_10", -45, -1410, "T", "DIP", "CNO_INN1", "", "C", 70.866, 70.866, 47.244, 47.244, 180],
		[677, "PAD232_10", -45, -1410, "B", "DIP", "CNO_INN1", "", "C", 70.866, 70.866, 47.244, 47.244, 180],
		[678, "PAD233_9", -45, -1310, "T", "DIP", "CNO_INP1", "", "C", 70.866, 70.866, 47.244, 47.244, 180],
		[679, "PAD233_9", -45, -1310, "B", "DIP", "CNO_INP1", "", "C", 70.866, 70.866, 47.244, 47.244, 180],
		[680, "PAD234_8", 55, -1410, "T", "DIP", "ADC_CH7", "", "C", 70.866, 70.866, 47.244, 47.244, 180],
		[681, "PAD234_8", 55, -1410, "B", "DIP", "ADC_CH7", "", "C", 70.866, 70.866, 47.244, 47.244, 180],
		[682, "PAD235_7", 55, -1310, "T", "DIP", "ADC_CH0", "", "C", 70.866, 70.866, 47.244, 47.244, 180],
		[683, "PAD235_7", 55, -1310, "B", "DIP", "ADC_CH0", "", "C", 70.866, 70.866, 47.244, 47.244, 180],
		[684, "PAD236_6", 155, -1410, "T", "DIP", "ADC_CH6", "", "C", 70.866, 70.866, 47.244, 47.244, 180],
		[685, "PAD236_6", 155, -1410, "B", "DIP", "ADC_CH6", "", "C", 70.866, 70.866, 47.244, 47.244, 180],
		[686, "PAD237_5", 155, -1310, "T", "DIP", "ADC_CH1", "", "C", 70.866, 70.866, 47.244, 47.244, 180],
		[687, "PAD237_5", 155, -1310, "B", "DIP", "ADC_CH1", "", "C", 70.866, 70.866, 47.244, 47.244, 180],
		[688, "PAD238_4", 255, -1410, "T", "DIP", "ADC_CH5", "", "C", 70.866, 70.866, 47.244, 47.244, 180],
		[689, "PAD238_4", 255, -1410, "B", "DIP", "ADC_CH5", "", "C", 70.866, 70.866, 47.244, 47.244, 180],
		[690, "PAD239_3", 255, -1310, "T", "DIP", "ADC_CH2", "", "C", 70.866, 70.866, 47.244, 47.244, 180],
		[691, "PAD239_3", 255, -1310, "B", "DIP", "ADC_CH2", "", "C", 70.866, 70.866, 47.244, 47.244, 180],
		[692, "PAD240_2", 355, -1410, "T", "DIP", "ADC_CH4", "", "C", 70.866, 70.866, 47.244, 47.244, 180],
		[693, "PAD240_2", 355, -1410, "B", "DIP", "ADC_CH4", "", "C", 70.866, 70.866, 47.244, 47.244, 180],
		[694, "PAD241_1", 355, -1310, "T", "DIP", "ADC_CH3", "", "R", 70.866, 70.866, 47.244, 47.244, 180],
		[695, "PAD241_1", 355, -1310, "B", "DIP", "ADC_CH3", "", "R", 70.866, 70.866, 47.244, 47.244, 180],
		[696, "PAD242_1", 237.01, -20.55, "B", "SMD", "GND2", "", "R", 92.126, 38.583, 0, 0, 180],
		[697, "PAD243_2", 237.01, 70, "B", "SMD", "AREF", "", "R", 92.126, 38.583, 0, 0, 180],
		[698, "PAD244_3", 237.01, 160.55, "B", "SMD", "VCC2", "", "R", 92.126, 38.583, 0, 0, 180],
		[699, "PAD245_3", -505, -650, "T", "DIP", "WKUP0", "", "C", 62, 62, 40.158, 40.158, 0],
		[700, "PAD245_3", -505, -650, "B", "DIP", "WKUP0", "", "C", 62, 62, 40.158, 40.158, 0],
		[701, "PAD246_2", -605, -650, "T", "DIP", "WKUP1", "", "C", 62, 62, 40.158, 40.158, 0],
		[702, "PAD246_2", -605, -650, "B", "DIP", "WKUP1", "", "C", 62, 62, 40.158, 40.158, 0],
		[703, "PAD247_1", -705, -650, "T", "DIP", "WKUP2", "", "R", 62, 62, 40.158, 40.158, 0],
		[704, "PAD247_1", -705, -650, "B", "DIP", "WKUP2", "", "R", 62, 62, 40.158, 40.158, 0],
		[705, "PAD248_5", -375, 755, "T", "DIP", "TMS", "", "C", 62, 62, 40.158, 40.158, 0],
		[706, "PAD248_5", -375, 755, "B", "DIP", "TMS", "", "C", 62, 62, 40.158, 40.158, 0],
		[707, "PAD249_4", -475, 755, "T", "DIP", "TDO", "", "C", 62, 62, 40.158, 40.158, 0],
		[708, "PAD249_4", -475, 755, "B", "DIP", "TDO", "", "C", 62, 62, 40.158, 40.158, 0],
		[709, "PAD250_3", -575, 755, "T", "DIP", "TDI", "", "C", 62, 62, 40.158, 40.158, 0],
		[710, "PAD250_3", -575, 755, "B", "DIP", "TDI", "", "C", 62, 62, 40.158, 40.158, 0],
		[711, "PAD251_2", -675, 755, "T", "DIP", "TCK", "", "C", 62, 62, 40.158, 40.158, 0],
		[712, "PAD251_2", -675, 755, "B", "DIP", "TCK", "", "C", 62, 62, 40.158, 40.158, 0],
		[713, "PAD252_1", -775, 755, "T", "DIP", "TRST", "", "R", 62, 62, 40.158, 40.158, 0],
		[714, "PAD252_1", -775, 755, "B", "DIP", "TRST", "", "R", 62, 62, 40.158, 40.158, 0],
		[715, "PAD253_1", -1350, 705, "T", "DIP", "GND1", "", "R", 62.992, 62.992, 41.338, 41.338, 90],
		[716, "PAD253_1", -1350, 705, "B", "DIP", "GND1", "", "R", 62.992, 62.992, 41.338, 41.338, 90],
		[717, "PAD254_2", -1450, 705, "T", "DIP", "GND1", "", "C", 62.992, 62.992, 41.338, 41.338, 90],
		[718, "PAD254_2", -1450, 705, "B", "DIP", "GND1", "", "C", 62.992, 62.992, 41.338, 41.338, 90],
		[719, "PAD255_3", -1350, 805, "T", "DIP", "VCC1", "", "C", 62.992, 62.992, 41.338, 41.338, 90],
		[720, "PAD255_3", -1350, 805, "B", "DIP", "VCC1", "", "C", 62.992, 62.992, 41.338, 41.338, 90],
		[721, "PAD256_4", -1450, 805, "T", "DIP", "VCC1", "", "C", 62.992, 62.992, 41.338, 41.338, 90],
		[722, "PAD256_4", -1450, 805, "B", "DIP", "VCC1", "", "C", 62.992, 62.992, 41.338, 41.338, 90],
		[723, "PAD257_5", -1350, 905, "T", "DIP", "VIN", "", "C", 62.992, 62.992, 41.338, 41.338, 90],
		[724, "PAD257_5", -1350, 905, "B", "DIP", "VIN", "", "C", 62.992, 62.992, 41.338, 41.338, 90],
		[725, "PAD258_6", -1450, 905, "T", "DIP", "VIN", "", "C", 62.992, 62.992, 41.338, 41.338, 90],
		[726, "PAD258_6", -1450, 905, "B", "DIP", "VIN", "", "C", 62.992, 62.992, 41.338, 41.338, 90],
		[727, "PAD259_2", 1180, -895.34, "T", "SMD", "VUSB", "", "R", 31.751, 34.016, 0, 0, 90],
		[728, "PAD260_1", 1180, -954.66, "T", "SMD", "USB_D+", "", "R", 31.751, 34.016, 0, 0, 90],
		[729, "PAD261_1", -1400, -565, "T", "DIP", "PA15", "", "R", 60, 60, 36, 36, 0],
		[730, "PAD261_1", -1400, -565, "B", "DIP", "PA15", "", "R", 60, 60, 36, 36, 0],
		[731, "PAD262_2", -1300, -565, "T", "DIP", "$LED15_2", "", "C", 60, 60, 36, 36, 0],
		[732, "PAD262_2", -1300, -565, "B", "DIP", "$LED15_2", "", "C", 60, 60, 36, 36, 0],
		[733, "PAD263_2", -1168.9115, -665, "T", "SMD", "GND1", "", "R", 31.751, 34.016, 0, 0, 0],
		[734, "PAD264_1", -1228.2315, -665, "T", "SMD", "$LED15_2", "", "R", 31.751, 34.016, 0, 0, 0],
		[735, "PAD265_1", -1321.5, -740, "T", "SMD", "$LED15_2", "", "R", 31.496, 31.496, 0, 0, 90],
		[736, "PAD266_2", -1388.5, -740, "T", "SMD", "PA15", "", "R", 31.496, 31.496, 0, 0, 90],
		[737, "PAD267_1", -990, 1215, "T", "DIP", "VCC1", "", "R", 60, 60, 36, 36, 0],
		[738, "PAD267_1", -990, 1215, "B", "DIP", "VCC1", "", "R", 60, 60, 36, 36, 0],
		[739, "PAD268_2", -890, 1215, "T", "DIP", "NET_1", "", "C", 60, 60, 36, 36, 0],
		[740, "PAD268_2", -890, 1215, "B", "DIP", "NET_1", "", "C", 60, 60, 36, 36, 0],
		[741, "PAD269_1", -911.5, 1040, "T", "SMD", "NET_1", "", "R", 31.496, 31.496, 0, 0, 90],
		[742, "PAD270_2", -978.5, 1040, "T", "SMD", "VCC1", "", "R", 31.496, 31.496, 0, 0, 90],
		[743, "PAD271_2", -753.9115, 1120, "T", "SMD", "GND1", "", "R", 31.751, 34.016, 0, 0, 0],
		[744, "PAD272_1", -813.2315, 1120, "T", "SMD", "NET_1", "", "R", 31.751, 34.016, 0, 0, 0],
		[745, "PAD273_2", 197.44, -420, "B", "SMD", "VCC2", "", "R", 31.496, 35.433, 0, 0, 180],
		[746, "PAD274_1", 252.56, -420, "B", "SMD", "GND2", "", "R", 31.496, 35.433, 0, 0, 180],
		[747, "PAD275_2", 197.44, -340, "B", "SMD", "VCC2", "", "R", 31.496, 35.433, 0, 0, 180],
		[748, "PAD276_1", 252.56, -340, "B", "SMD", "GND2", "", "R", 31.496, 35.433, 0, 0, 180],
		[749, "PAD277_1", 585, 320, "T", "DIP", "VCC1", "", "R", 78.74, 78.74, 47.244, 47.244, 0],
		[750, "PAD277_1", 585, 320, "B", "DIP", "VCC1", "", "R", 78.74, 78.74, 47.244, 47.244, 0],
		[751, "PAD278_2", 685, 320, "T", "DIP", "$R1_2", "", "C", 78.74, 78.74, 47.244, 47.244, 0],
		[752, "PAD278_2", 685, 320, "B", "DIP", "$R1_2", "", "C", 78.74, 78.74, 47.244, 47.244, 0],
		[753, "PAD279_1", 670, -1165, "T", "DIP", "VIN", "", "R", 78.74, 78.74, 47.244, 47.244, 90],
		[754, "PAD279_1", 670, -1165, "B", "DIP", "VIN", "", "R", 78.74, 78.74, 47.244, 47.244, 90],
		[755, "PAD280_2", 670, -1065, "T", "DIP", "VUSB", "", "C", 78.74, 78.74, 47.244, 47.244, 90],
		[756, "PAD280_2", 670, -1065, "B", "DIP", "VUSB", "", "C", 78.74, 78.74, 47.244, 47.244, 90]
	]
}
}